Registro_ID,Fecha,Turno,Maquina,Tiempo_Planeado_min,Downtime_Total_min,Piezas_Producidas,Piezas_Buenas,Piezas_Defectuosas,Ciclo_ideal_seg,Tiempo_Operativo_min,Disponibilidad,Rendimiento,Calidad,OEE
1,2025-01-01,Mañana,M1,480,133,1309,1233,76,12.0,347,0.7229166666666667,0.7544668587896254,0.9419404125286478,0.5137499999999999
2,2025-01-01,Mañana,M2,480,9,1839,1773,66,12.6,471,0.98125,0.819936305732484,0.964110929853181,0.7756874999999999
3,2025-01-01,Mañana,M3,480,5,1764,1715,49,13.2,475,0.9895833333333334,0.8170105263157894,0.9722222222222222,0.7860416666666666
4,2025-01-01,Mañana,M4,480,59,1444,1425,19,13.8,421,0.8770833333333333,0.7888836104513064,0.9868421052631579,0.6828124999999999
5,2025-01-01,Tarde,M1,480,203,1138,1098,40,12.0,277,0.5770833333333333,0.8216606498194946,0.9648506151142355,0.45749999999999996
6,2025-01-01,Tarde,M2,480,89,1798,1700,98,12.6,391,0.8145833333333333,0.9656777493606138,0.9454949944382648,0.74375
7,2025-01-01,Tarde,M3,480,27,1672,1586,86,13.2,453,0.94375,0.812008830022075,0.9485645933014354,0.7269166666666667
8,2025-01-01,Tarde,M4,480,5,1929,1903,26,13.8,475,0.9895833333333334,0.9340421052631579,0.9865215137376879,0.9118541666666666
9,2025-01-01,Noche,M1,480,115,1692,1669,23,12.0,365,0.7604166666666666,0.9271232876712329,0.9864066193853428,0.6954166666666667
10,2025-01-01,Noche,M2,480,24,1793,1770,23,12.6,456,0.95,0.8257236842105263,0.9871723368655884,0.774375
11,2025-01-01,Noche,M3,480,30,1951,1886,65,13.2,450,0.9375,0.9538222222222221,0.9666837519220912,0.8644166666666666
12,2025-01-01,Noche,M4,480,0,1907,1816,91,13.8,480,1.0,0.9137708333333334,0.9522810697430519,0.8701666666666668
13,2025-01-02,Mañana,M1,480,16,1756,1683,73,12.0,464,0.9666666666666667,0.756896551724138,0.9584282460136674,0.70125
14,2025-01-02,Mañana,M2,480,7,1901,1811,90,12.6,473,0.9854166666666667,0.8439957716701902,0.952656496580747,0.7923125000000001
15,2025-01-02,Mañana,M3,480,7,2072,1968,104,13.2,473,0.9854166666666667,0.9637209302325581,0.9498069498069498,0.902
16,2025-01-02,Mañana,M4,480,57,1475,1429,46,13.8,423,0.88125,0.8020094562647754,0.968813559322034,0.6847291666666666
17,2025-01-02,Tarde,M1,480,15,1924,1815,109,12.0,465,0.96875,0.8275268817204301,0.9433471933471933,0.75625
18,2025-01-02,Tarde,M2,480,13,2164,2039,125,12.6,467,0.9729166666666667,0.9731049250535331,0.9422365988909427,0.8920624999999999
19,2025-01-02,Tarde,M3,480,15,1603,1539,64,13.2,465,0.96875,0.7584086021505376,0.9600748596381784,0.705375
20,2025-01-02,Tarde,M4,480,107,1305,1283,22,13.8,373,0.7770833333333333,0.8046916890080429,0.9831417624521073,0.6147708333333334
21,2025-01-02,Noche,M1,480,101,1581,1516,65,12.0,379,0.7895833333333333,0.8343007915567282,0.958886780518659,0.6316666666666666
22,2025-01-02,Noche,M2,480,10,1982,1896,86,12.6,470,0.9791666666666666,0.8855744680851064,0.9566094853683148,0.8295
23,2025-01-02,Noche,M3,480,0,1893,1853,40,13.2,480,1.0,0.867625,0.9788695192815636,0.8492916666666667
24,2025-01-02,Noche,M4,480,14,1956,1923,33,13.8,466,0.9708333333333333,0.9654077253218886,0.9831288343558282,0.9214375000000001
25,2025-01-03,Mañana,M1,480,52,1731,1657,74,12.0,428,0.8916666666666667,0.8088785046728972,0.9572501444251877,0.6904166666666667
26,2025-01-03,Mañana,M2,480,146,1458,1379,79,12.6,334,0.6958333333333333,0.9167065868263473,0.9458161865569273,0.6033125
27,2025-01-03,Mañana,M3,480,156,1106,1087,19,13.2,324,0.675,0.7509876543209876,0.9828209764918626,0.49820833333333336
28,2025-01-03,Mañana,M4,480,125,1391,1338,53,13.8,355,0.7395833333333334,0.9012112676056337,0.9618979151689432,0.641125
29,2025-01-03,Tarde,M1,480,0,2002,1956,46,12.0,480,1.0,0.8341666666666666,0.977022977022977,0.815
30,2025-01-03,Tarde,M2,480,34,1874,1810,64,12.6,446,0.9291666666666667,0.8823766816143497,0.9658484525080042,0.7918749999999999
31,2025-01-03,Tarde,M3,480,0,1998,1950,48,13.2,480,1.0,0.91575,0.975975975975976,0.8937499999999999
32,2025-01-03,Tarde,M4,480,0,1875,1840,35,13.8,480,1.0,0.8984375,0.9813333333333333,0.8816666666666666
33,2025-01-03,Noche,M1,480,257,917,901,16,12.0,223,0.46458333333333335,0.8224215246636771,0.9825517993456925,0.3754166666666667
34,2025-01-03,Noche,M2,480,92,1700,1624,76,12.6,388,0.8083333333333333,0.9201030927835051,0.9552941176470588,0.7105
35,2025-01-03,Noche,M3,480,85,1557,1503,54,13.2,395,0.8229166666666666,0.8671898734177215,0.9653179190751445,0.688875
36,2025-01-03,Noche,M4,480,70,1674,1628,46,13.8,410,0.8541666666666666,0.9390731707317074,0.972520908004779,0.7800833333333334
37,2025-01-04,Mañana,M1,480,0,2088,1987,101,12.0,480,1.0,0.87,0.9516283524904214,0.8279166666666666
38,2025-01-04,Mañana,M2,480,0,2041,2012,29,12.6,480,1.0,0.8929374999999999,0.9857912787849094,0.88025
39,2025-01-04,Mañana,M3,480,0,1903,1833,70,13.2,480,1.0,0.8722083333333333,0.9632159747766684,0.8401249999999999
40,2025-01-04,Mañana,M4,480,174,1122,1102,20,13.8,306,0.6375,0.8433333333333334,0.982174688057041,0.5280416666666667
41,2025-01-04,Tarde,M1,480,0,1938,1866,72,12.0,480,1.0,0.8075,0.9628482972136223,0.7775
42,2025-01-04,Tarde,M2,480,98,1539,1505,34,12.6,382,0.7958333333333333,0.8460471204188481,0.9779077322936972,0.6584374999999999
43,2025-01-04,Tarde,M3,480,92,1608,1554,54,13.2,388,0.8083333333333333,0.9117525773195876,0.9664179104477612,0.7122499999999999
44,2025-01-04,Tarde,M4,480,0,1801,1741,60,13.8,480,1.0,0.8629791666666667,0.9666851749028318,0.8342291666666668
45,2025-01-04,Noche,M1,480,0,2039,1978,61,12.0,480,1.0,0.8495833333333334,0.9700833742030407,0.8241666666666667
46,2025-01-04,Noche,M2,480,57,1815,1783,32,12.6,423,0.88125,0.9010638297872341,0.9823691460055096,0.7800625
47,2025-01-04,Noche,M3,480,0,1958,1936,22,13.2,480,1.0,0.8974166666666666,0.9887640449438202,0.8873333333333333
48,2025-01-04,Noche,M4,480,138,1424,1396,28,13.8,342,0.7125,0.9576608187134503,0.9803370786516854,0.6689166666666667
49,2025-01-05,Mañana,M1,480,0,1855,1835,20,12.0,480,1.0,0.7729166666666667,0.9892183288409704,0.7645833333333334
50,2025-01-05,Mañana,M2,480,0,2073,2045,28,12.6,480,1.0,0.9069375,0.9864930053063193,0.8946875
51,2025-01-05,Mañana,M3,480,58,1716,1624,92,13.2,422,0.8791666666666667,0.8945971563981041,0.9463869463869464,0.7443333333333333
52,2025-01-05,Mañana,M4,480,131,1282,1246,36,13.8,349,0.7270833333333333,0.8448710601719199,0.9719188767550702,0.5970416666666668
53,2025-01-05,Tarde,M1,480,49,2025,1973,52,12.0,431,0.8979166666666667,0.9396751740139211,0.974320987654321,0.8220833333333333
54,2025-01-05,Tarde,M2,480,139,1572,1512,60,12.6,341,0.7104166666666667,0.9680938416422288,0.9618320610687023,0.6615000000000001
55,2025-01-05,Tarde,M3,480,73,1723,1698,25,13.2,407,0.8479166666666667,0.9313513513513513,0.9854904236796286,0.7782499999999999
56,2025-01-05,Tarde,M4,480,11,1945,1892,53,13.8,469,0.9770833333333333,0.9538379530916844,0.9727506426735218,0.9065833333333333
57,2025-01-05,Noche,M1,480,0,1878,1788,90,12.0,480,1.0,0.7825,0.952076677316294,0.745
58,2025-01-05,Noche,M2,480,54,1555,1476,79,12.6,426,0.8875,0.7665492957746479,0.9491961414790997,0.64575
59,2025-01-05,Noche,M3,480,194,1086,1056,30,13.2,286,0.5958333333333333,0.8353846153846153,0.9723756906077348,0.4839999999999999
60,2025-01-05,Noche,M4,480,88,1461,1443,18,13.8,392,0.8166666666666667,0.857219387755102,0.9876796714579056,0.6914374999999999
61,2025-01-06,Mañana,M1,480,0,1864,1785,79,12.0,480,1.0,0.7766666666666666,0.9576180257510729,0.7437499999999999
62,2025-01-06,Mañana,M2,480,396,303,287,16,12.6,84,0.175,0.7575,0.9471947194719472,0.12556249999999997
63,2025-01-06,Mañana,M3,480,88,1621,1568,53,13.2,392,0.8166666666666667,0.9097448979591836,0.9673041332510796,0.7186666666666666
64,2025-01-06,Mañana,M4,480,159,1107,1071,36,13.8,321,0.66875,0.793177570093458,0.967479674796748,0.5131875
65,2025-01-06,Tarde,M1,480,164,1543,1474,69,12.0,316,0.6583333333333333,0.9765822784810126,0.9552819183408944,0.6141666666666667
66,2025-01-06,Tarde,M2,480,17,1736,1640,96,12.6,463,0.9645833333333333,0.7873866090712742,0.9447004608294931,0.7174999999999999
67,2025-01-06,Tarde,M3,480,167,1261,1225,36,13.2,313,0.6520833333333333,0.8863258785942493,0.9714512291831879,0.5614583333333334
68,2025-01-06,Tarde,M4,480,416,269,255,14,13.8,64,0.13333333333333333,0.9667187500000001,0.9479553903345725,0.12218750000000002
69,2025-01-06,Noche,M1,480,138,1520,1488,32,12.0,342,0.7125,0.8888888888888888,0.9789473684210527,0.62
70,2025-01-06,Noche,M2,480,79,1660,1573,87,12.6,401,0.8354166666666667,0.8693266832917705,0.9475903614457831,0.6881875
71,2025-01-06,Noche,M3,480,26,1612,1595,17,13.2,454,0.9458333333333333,0.7811453744493392,0.989454094292804,0.7310416666666666
72,2025-01-06,Noche,M4,480,11,1953,1900,53,13.8,469,0.9770833333333333,0.9577611940298508,0.9728622631848438,0.9104166666666667
73,2025-01-07,Mañana,M1,480,68,1984,1916,68,12.0,412,0.8583333333333333,0.9631067961165048,0.9657258064516129,0.7983333333333333
74,2025-01-07,Mañana,M2,480,40,1729,1657,72,12.6,440,0.9166666666666666,0.8252045454545454,0.9583574320416426,0.7249374999999999
75,2025-01-07,Mañana,M3,480,6,1691,1663,28,13.2,474,0.9875,0.7848523206751054,0.9834417504435246,0.7622083333333332
76,2025-01-07,Mañana,M4,480,102,1411,1350,61,13.8,378,0.7875,0.8585449735449735,0.9567682494684621,0.646875
77,2025-01-07,Tarde,M1,480,0,1906,1884,22,12.0,480,1.0,0.7941666666666667,0.9884575026232949,0.785
78,2025-01-07,Tarde,M2,480,0,1860,1825,35,12.6,480,1.0,0.81375,0.9811827956989247,0.7984375
79,2025-01-07,Tarde,M3,480,0,1696,1640,56,13.2,480,1.0,0.7773333333333332,0.9669811320754716,0.7516666666666665
80,2025-01-07,Tarde,M4,480,0,1740,1679,61,13.8,480,1.0,0.83375,0.9649425287356321,0.8045208333333332
81,2025-01-07,Noche,M1,480,14,1791,1695,96,12.0,466,0.9708333333333333,0.7686695278969957,0.9463986599664992,0.70625
82,2025-01-07,Noche,M2,480,73,1787,1753,34,12.6,407,0.8479166666666667,0.9220393120393121,0.9809736989367656,0.7669375
83,2025-01-07,Noche,M3,480,0,1822,1760,62,13.2,480,1.0,0.8350833333333333,0.9659714599341384,0.8066666666666666
84,2025-01-07,Noche,M4,480,61,1741,1680,61,13.8,419,0.8729166666666667,0.9556801909307877,0.9649626651349799,0.805
85,2025-01-08,Mañana,M1,480,15,1873,1830,43,12.0,465,0.96875,0.8055913978494623,0.9770421783235451,0.7625
86,2025-01-08,Mañana,M2,480,10,1847,1818,29,12.6,470,0.9791666666666666,0.8252553191489362,0.9842988630211154,0.795375
87,2025-01-08,Mañana,M3,480,86,1609,1547,62,13.2,394,0.8208333333333333,0.8984263959390862,0.961466749533872,0.7090416666666666
88,2025-01-08,Mañana,M4,480,17,1584,1554,30,13.8,463,0.9645833333333333,0.7868682505399568,0.9810606060606061,0.744625
89,2025-01-08,Tarde,M1,480,5,2067,2004,63,12.0,475,0.9895833333333334,0.8703157894736843,0.969521044992743,0.8350000000000001
90,2025-01-08,Tarde,M2,480,69,1857,1763,94,12.6,411,0.85625,0.9488321167883212,0.9493807215939688,0.7713125000000001
91,2025-01-08,Tarde,M3,480,79,1600,1539,61,13.2,401,0.8354166666666667,0.8778054862842892,0.961875,0.705375
92,2025-01-08,Tarde,M4,480,17,1706,1646,60,13.8,463,0.9645833333333333,0.8474730021598273,0.9648300117233294,0.7887083333333335
93,2025-01-08,Noche,M1,480,10,2076,2040,36,12.0,470,0.9791666666666666,0.8834042553191489,0.9826589595375722,0.8499999999999999
94,2025-01-08,Noche,M2,480,213,1047,995,52,12.6,267,0.55625,0.8234831460674157,0.9503342884431709,0.43531249999999994
95,2025-01-08,Noche,M3,480,13,1822,1767,55,13.2,467,0.9729166666666667,0.8583297644539614,0.9698133918770582,0.8098749999999998
96,2025-01-08,Noche,M4,480,118,1468,1439,29,13.8,362,0.7541666666666667,0.932707182320442,0.9802452316076294,0.6895208333333334
97,2025-01-09,Mañana,M1,480,0,1890,1795,95,12.0,480,1.0,0.7875,0.9497354497354498,0.7479166666666667
98,2025-01-09,Mañana,M2,480,20,1832,1772,60,12.6,460,0.9583333333333334,0.8363478260869566,0.9672489082969432,0.7752500000000001
99,2025-01-09,Mañana,M3,480,118,1577,1513,64,13.2,362,0.7541666666666667,0.9583977900552485,0.9594166138237159,0.6934583333333333
100,2025-01-09,Mañana,M4,480,0,2016,1933,83,13.8,480,1.0,0.9660000000000001,0.9588293650793651,0.9262291666666668
101,2025-01-09,Tarde,M1,480,14,2033,1922,111,12.0,466,0.9708333333333333,0.8725321888412018,0.9454008853910477,0.8008333333333334
102,2025-01-09,Tarde,M2,480,12,2052,2029,23,12.6,468,0.975,0.9207692307692308,0.9887914230019493,0.8876875000000001
103,2025-01-09,Tarde,M3,480,41,1565,1532,33,13.2,439,0.9145833333333333,0.7842824601366742,0.9789137380191694,0.7021666666666667
104,2025-01-09,Tarde,M4,480,194,976,938,38,13.8,286,0.5958333333333333,0.784895104895105,0.9610655737704918,0.44945833333333335
105,2025-01-09,Noche,M1,480,90,1876,1791,85,12.0,390,0.8125,0.9620512820512821,0.9546908315565032,0.7462500000000001
106,2025-01-09,Noche,M2,480,0,2017,1936,81,12.6,480,1.0,0.8824375,0.9598413485374319,0.847
107,2025-01-09,Noche,M3,480,260,841,831,10,13.2,220,0.4583333333333333,0.841,0.9881093935790726,0.38087499999999996
108,2025-01-09,Noche,M4,480,72,1471,1431,40,13.8,408,0.85,0.8292401960784314,0.972807613868117,0.6856875
109,2025-01-10,Mañana,M1,480,36,1878,1774,104,12.0,444,0.925,0.845945945945946,0.9446219382321619,0.7391666666666667
110,2025-01-10,Mañana,M2,480,5,2041,2003,38,12.6,475,0.9895833333333334,0.9023368421052631,0.9813816756491915,0.8763124999999999
111,2025-01-10,Mañana,M3,480,5,2114,2040,74,13.2,475,0.9895833333333334,0.9791157894736842,0.9649952696310312,0.9349999999999999
112,2025-01-10,Mañana,M4,480,7,1967,1928,39,13.8,473,0.9854166666666667,0.9564693446088796,0.9801728520589731,0.9238333333333335
113,2025-01-10,Tarde,M1,480,0,1820,1759,61,12.0,480,1.0,0.7583333333333333,0.9664835164835165,0.7329166666666667
114,2025-01-10,Tarde,M2,480,9,1952,1890,62,12.6,471,0.98125,0.8703184713375797,0.9682377049180327,0.8268749999999999
115,2025-01-10,Tarde,M3,480,117,1340,1284,56,13.2,363,0.75625,0.8121212121212121,0.9582089552238806,0.5885
116,2025-01-10,Tarde,M4,480,56,1661,1643,18,13.8,424,0.8833333333333333,0.9010141509433963,0.9891631547260686,0.7872708333333334
117,2025-01-10,Noche,M1,480,0,1927,1843,84,12.0,480,1.0,0.8029166666666666,0.9564089257913856,0.7679166666666666
118,2025-01-10,Noche,M2,480,0,1769,1681,88,12.6,480,1.0,0.7739375,0.9502543810062182,0.7354375
119,2025-01-10,Noche,M3,480,0,1963,1920,43,13.2,480,1.0,0.8997083333333333,0.97809475292919,0.88
120,2025-01-10,Noche,M4,480,0,1681,1604,77,13.8,480,1.0,0.8054791666666667,0.9541939321832242,0.7685833333333334
121,2025-01-11,Mañana,M1,480,30,1701,1669,32,12.0,450,0.9375,0.756,0.9811875367430923,0.6954166666666667
122,2025-01-11,Mañana,M2,480,27,1910,1866,44,12.6,453,0.94375,0.885430463576159,0.9769633507853404,0.816375
123,2025-01-11,Mañana,M3,480,92,1379,1306,73,13.2,388,0.8083333333333333,0.7819072164948453,0.9470630891950689,0.5985833333333332
124,2025-01-11,Mañana,M4,480,40,1802,1696,106,13.8,440,0.9166666666666666,0.9419545454545455,0.9411764705882353,0.8126666666666666
125,2025-01-11,Tarde,M1,480,5,2280,2244,36,12.0,475,0.9895833333333334,0.96,0.9842105263157894,0.9349999999999999
126,2025-01-11,Tarde,M2,480,21,2056,2015,41,12.6,459,0.95625,0.9406535947712418,0.9800583657587548,0.8815624999999999
127,2025-01-11,Tarde,M3,480,0,1705,1612,93,13.2,480,1.0,0.7814583333333334,0.9454545454545454,0.7388333333333333
128,2025-01-11,Tarde,M4,480,124,1220,1163,57,13.8,356,0.7416666666666667,0.7882022471910113,0.9532786885245902,0.5572708333333334
129,2025-01-11,Noche,M1,480,0,2132,2085,47,12.0,480,1.0,0.8883333333333333,0.9779549718574109,0.8687499999999999
130,2025-01-11,Noche,M2,480,25,1773,1706,67,12.6,455,0.9479166666666666,0.8183076923076923,0.9622109419063734,0.7463749999999999
131,2025-01-11,Noche,M3,480,75,1633,1590,43,13.2,405,0.84375,0.8870617283950617,0.9736680955296999,0.72875
132,2025-01-11,Noche,M4,480,58,1585,1515,70,13.8,422,0.8791666666666667,0.8638625592417062,0.9558359621451105,0.7259375000000001
133,2025-01-12,Mañana,M1,480,24,2074,2026,48,12.0,456,0.95,0.9096491228070176,0.9768563162970106,0.8441666666666666
134,2025-01-12,Mañana,M2,480,112,1369,1291,78,12.6,368,0.7666666666666667,0.7812228260869564,0.9430241051862673,0.5648124999999999
135,2025-01-12,Mañana,M3,480,41,1832,1740,92,13.2,439,0.9145833333333333,0.9180865603644646,0.9497816593886463,0.7975
136,2025-01-12,Mañana,M4,480,233,1033,1014,19,13.8,247,0.5145833333333333,0.9619028340080973,0.9816069699903195,0.48587500000000006
137,2025-01-12,Tarde,M1,480,98,1847,1785,62,12.0,382,0.7958333333333333,0.9670157068062827,0.9664320519761775,0.7437499999999999
138,2025-01-12,Tarde,M2,480,98,1506,1437,69,12.6,382,0.7958333333333333,0.8279057591623036,0.954183266932271,0.6286875
139,2025-01-12,Tarde,M3,480,0,1794,1728,66,13.2,480,1.0,0.8222499999999999,0.9632107023411371,0.7919999999999999
140,2025-01-12,Tarde,M4,480,28,1867,1847,20,13.8,452,0.9416666666666667,0.9500221238938054,0.9892876272094269,0.8850208333333333
141,2025-01-12,Noche,M1,480,163,1275,1256,19,12.0,317,0.6604166666666667,0.804416403785489,0.9850980392156863,0.5233333333333333
142,2025-01-12,Noche,M2,480,11,1696,1678,18,12.6,469,0.9770833333333333,0.7594029850746268,0.9893867924528302,0.7341249999999999
143,2025-01-12,Noche,M3,480,99,1334,1293,41,13.2,381,0.79375,0.7702887139107611,0.9692653673163418,0.592625
144,2025-01-12,Noche,M4,480,106,1302,1277,25,13.8,374,0.7791666666666667,0.8006951871657755,0.9807987711213517,0.6118958333333334
145,2025-01-13,Mañana,M1,480,261,865,840,25,12.0,219,0.45625,0.7899543378995434,0.9710982658959537,0.35
146,2025-01-13,Mañana,M2,480,39,1861,1789,72,12.6,441,0.91875,0.8861904761904761,0.9613111230521225,0.7826874999999999
147,2025-01-13,Mañana,M3,480,0,2076,2028,48,13.2,480,1.0,0.9514999999999999,0.976878612716763,0.9294999999999999
148,2025-01-13,Mañana,M4,480,0,1991,1876,115,13.8,480,1.0,0.9540208333333334,0.9422400803616273,0.8989166666666668
149,2025-01-13,Tarde,M1,480,122,1373,1301,72,12.0,358,0.7458333333333333,0.7670391061452514,0.9475600873998543,0.5420833333333334
150,2025-01-13,Tarde,M2,480,31,1734,1641,93,12.6,449,0.9354166666666667,0.8110022271714922,0.9463667820069204,0.7179375
151,2025-01-13,Tarde,M3,480,185,1257,1193,64,13.2,295,0.6145833333333334,0.9374237288135592,0.949085123309467,0.5467916666666667
152,2025-01-13,Tarde,M4,480,43,1853,1776,77,13.8,437,0.9104166666666667,0.9752631578947369,0.9584457636265515,0.8510000000000001
153,2025-01-13,Noche,M1,480,30,1742,1659,83,12.0,450,0.9375,0.7742222222222223,0.952353616532721,0.69125
154,2025-01-13,Noche,M2,480,204,1193,1178,15,12.6,276,0.575,0.9077173913043478,0.9874266554903605,0.5153749999999999
155,2025-01-13,Noche,M3,480,39,1662,1594,68,13.2,441,0.91875,0.8291156462585033,0.9590854392298436,0.7305833333333333
156,2025-01-13,Noche,M4,480,0,1983,1867,116,13.8,480,1.0,0.9501875000000001,0.9415027735753908,0.8946041666666668
157,2025-01-14,Mañana,M1,480,22,1974,1879,95,12.0,458,0.9541666666666667,0.8620087336244542,0.9518743667679838,0.7829166666666667
158,2025-01-14,Mañana,M2,480,38,1963,1876,87,12.6,442,0.9208333333333333,0.9326470588235294,0.9556800815078961,0.82075
159,2025-01-14,Mañana,M3,480,0,1677,1604,73,13.2,480,1.0,0.7686249999999999,0.9564698867024448,0.7351666666666665
160,2025-01-14,Mañana,M4,480,9,1739,1640,99,13.8,471,0.98125,0.8491932059447983,0.9430707303047728,0.7858333333333333
161,2025-01-14,Tarde,M1,480,230,1003,983,20,12.0,250,0.5208333333333334,0.8024,0.9800598205383848,0.40958333333333335
162,2025-01-14,Tarde,M2,480,0,2056,1998,58,12.6,480,1.0,0.8995,0.9717898832684825,0.8741249999999999
163,2025-01-14,Tarde,M3,480,78,1425,1409,16,13.2,402,0.8375,0.7798507462686567,0.9887719298245614,0.6457916666666667
164,2025-01-14,Tarde,M4,480,52,1423,1368,55,13.8,428,0.8916666666666667,0.764696261682243,0.9613492621222769,0.6555000000000001
165,2025-01-14,Noche,M1,480,27,1704,1681,23,12.0,453,0.94375,0.752317880794702,0.9865023474178404,0.7004166666666666
166,2025-01-14,Noche,M2,480,10,2036,1929,107,12.6,470,0.9791666666666666,0.9097021276595744,0.9474459724950884,0.8439374999999999
167,2025-01-14,Noche,M3,480,5,1739,1636,103,13.2,475,0.9895833333333334,0.8054315789473684,0.9407705577918344,0.7498333333333334
168,2025-01-14,Noche,M4,480,0,1804,1731,73,13.8,480,1.0,0.8644166666666667,0.9595343680709535,0.8294375
169,2025-01-15,Mañana,M1,480,51,1625,1603,22,12.0,429,0.89375,0.7575757575757576,0.9864615384615385,0.6679166666666667
170,2025-01-15,Mañana,M2,480,23,2032,1992,40,12.6,457,0.9520833333333333,0.9337417943107221,0.9803149606299213,0.8715
171,2025-01-15,Mañana,M3,480,0,1688,1618,70,13.2,480,1.0,0.7736666666666666,0.9585308056872038,0.7415833333333333
172,2025-01-15,Mañana,M4,480,5,1806,1724,82,13.8,475,0.9895833333333334,0.8744842105263159,0.9545957918050941,0.8260833333333334
173,2025-01-15,Tarde,M1,480,33,2007,1935,72,12.0,447,0.93125,0.897986577181208,0.9641255605381166,0.8062499999999999
174,2025-01-15,Tarde,M2,480,12,1753,1660,93,12.6,468,0.975,0.7866025641025641,0.9469480889903024,0.7262500000000001
175,2025-01-15,Tarde,M3,480,0,2126,2069,57,13.2,480,1.0,0.9744166666666666,0.9731890874882408,0.9482916666666666
176,2025-01-15,Tarde,M4,480,0,1944,1861,83,13.8,480,1.0,0.9315,0.9573045267489712,0.8917291666666666
177,2025-01-15,Noche,M1,480,315,656,628,28,12.0,165,0.34375,0.7951515151515152,0.9573170731707317,0.26166666666666666
178,2025-01-15,Noche,M2,480,0,1730,1691,39,12.6,480,1.0,0.756875,0.977456647398844,0.7398125
179,2025-01-15,Noche,M3,480,185,1184,1147,37,13.2,295,0.6145833333333334,0.8829830508474575,0.96875,0.5257083333333333
180,2025-01-15,Noche,M4,480,79,1594,1506,88,13.8,401,0.8354166666666667,0.9142643391521197,0.944792973651192,0.721625
181,2025-01-16,Mañana,M1,480,0,1931,1818,113,12.0,480,1.0,0.8045833333333333,0.9414810978767478,0.7575000000000001
182,2025-01-16,Mañana,M2,480,0,2163,2089,74,12.6,480,1.0,0.9463125,0.965788257050393,0.9139375
183,2025-01-16,Mañana,M3,480,14,1763,1694,69,13.2,466,0.9708333333333333,0.8323175965665236,0.9608621667612025,0.7764166666666666
184,2025-01-16,Mañana,M4,480,0,1752,1650,102,13.8,480,1.0,0.8395,0.9417808219178082,0.790625
185,2025-01-16,Tarde,M1,480,66,1614,1520,94,12.0,414,0.8625,0.7797101449275362,0.9417596034696406,0.6333333333333333
186,2025-01-16,Tarde,M2,480,8,1954,1902,52,12.6,472,0.9833333333333333,0.869364406779661,0.9733879222108496,0.832125
187,2025-01-16,Tarde,M3,480,44,1503,1433,70,13.2,436,0.9083333333333333,0.758394495412844,0.9534264803725881,0.6567916666666666
188,2025-01-16,Tarde,M4,480,50,1630,1538,92,13.8,430,0.8958333333333334,0.871860465116279,0.943558282208589,0.7369583333333333
189,2025-01-16,Noche,M1,480,0,1867,1807,60,12.0,480,1.0,0.7779166666666667,0.9678628816282807,0.7529166666666668
190,2025-01-16,Noche,M2,480,208,972,917,55,12.6,272,0.5666666666666667,0.7504411764705882,0.9434156378600823,0.4011875
191,2025-01-16,Noche,M3,480,80,1448,1385,63,13.2,400,0.8333333333333334,0.7963999999999999,0.9564917127071824,0.6347916666666666
192,2025-01-16,Noche,M4,480,17,1911,1875,36,13.8,463,0.9645833333333333,0.9493088552915768,0.9811616954474097,0.8984375000000002
193,2025-01-17,Mañana,M1,480,142,1523,1478,45,12.0,338,0.7041666666666667,0.9011834319526627,0.9704530531845043,0.6158333333333333
194,2025-01-17,Mañana,M2,480,223,931,877,54,12.6,257,0.5354166666666667,0.7607392996108949,0.9419978517722879,0.38368749999999996
195,2025-01-17,Mañana,M3,480,119,1518,1443,75,13.2,361,0.7520833333333333,0.9250969529085872,0.950592885375494,0.6613749999999999
196,2025-01-17,Mañana,M4,480,25,1663,1589,74,13.8,455,0.9479166666666666,0.8406373626373627,0.9555021046301864,0.7613958333333333
197,2025-01-17,Tarde,M1,480,21,1841,1816,25,12.0,459,0.95625,0.8021786492374727,0.986420423682781,0.7566666666666666
198,2025-01-17,Tarde,M2,480,70,1635,1587,48,12.6,410,0.8541666666666666,0.8374390243902439,0.9706422018348624,0.6943124999999999
199,2025-01-17,Tarde,M3,480,118,1240,1216,24,13.2,362,0.7541666666666667,0.7535911602209945,0.9806451612903225,0.5573333333333333
200,2025-01-17,Tarde,M4,480,0,1876,1774,102,13.8,480,1.0,0.8989166666666668,0.9456289978678039,0.8500416666666668
201,2025-01-17,Noche,M1,480,54,1723,1682,41,12.0,426,0.8875,0.8089201877934272,0.9762042948345908,0.7008333333333333
202,2025-01-17,Noche,M2,480,51,1726,1699,27,12.6,429,0.89375,0.8448951048951049,0.9843568945538818,0.7433125
203,2025-01-17,Noche,M3,480,0,1978,1941,37,13.2,480,1.0,0.9065833333333333,0.9812942366026289,0.889625
204,2025-01-17,Noche,M4,480,44,1773,1707,66,13.8,436,0.9083333333333333,0.9352981651376148,0.9627749576988156,0.8179375000000001
205,2025-01-18,Mañana,M1,480,0,2149,2026,123,12.0,480,1.0,0.8954166666666666,0.9427640763145649,0.8441666666666666
206,2025-01-18,Mañana,M2,480,88,1501,1428,73,12.6,392,0.8166666666666667,0.8041071428571428,0.9513657561625583,0.6247499999999999
207,2025-01-18,Mañana,M3,480,23,1838,1805,33,13.2,457,0.9520833333333333,0.8848140043763676,0.9820457018498367,0.8272916666666665
208,2025-01-18,Mañana,M4,480,33,1701,1665,36,13.8,447,0.93125,0.8752348993288591,0.9788359788359788,0.7978125
209,2025-01-18,Tarde,M1,480,23,1938,1850,88,12.0,457,0.9520833333333333,0.8481400437636761,0.9545923632610939,0.7708333333333333
210,2025-01-18,Tarde,M2,480,63,1525,1504,21,12.6,417,0.86875,0.7679856115107914,0.9862295081967213,0.658
211,2025-01-18,Tarde,M3,480,11,1772,1749,23,13.2,469,0.9770833333333333,0.8312153518123666,0.9870203160270881,0.8016249999999998
212,2025-01-18,Tarde,M4,480,5,1805,1708,97,13.8,475,0.9895833333333334,0.874,0.9462603878116344,0.8184166666666668
213,2025-01-18,Noche,M1,480,114,1607,1533,74,12.0,366,0.7625,0.8781420765027322,0.9539514623522091,0.6387499999999999
214,2025-01-18,Noche,M2,480,63,1569,1500,69,12.6,417,0.86875,0.7901438848920862,0.9560229445506692,0.6562499999999999
215,2025-01-18,Noche,M3,480,0,1905,1877,28,13.2,480,1.0,0.873125,0.9853018372703412,0.8602916666666667
216,2025-01-18,Noche,M4,480,53,1562,1535,27,13.8,427,0.8895833333333333,0.8413583138173303,0.9827144686299616,0.7355208333333333
217,2025-01-19,Mañana,M1,480,37,1815,1773,42,12.0,443,0.9229166666666667,0.8194130925507901,0.9768595041322314,0.7387500000000001
218,2025-01-19,Mañana,M2,480,48,1687,1637,50,12.6,432,0.9,0.8200694444444445,0.97036158861885,0.7161875000000001
219,2025-01-19,Mañana,M3,480,131,1265,1194,71,13.2,349,0.7270833333333333,0.7974212034383954,0.9438735177865613,0.5472499999999999
220,2025-01-19,Mañana,M4,480,0,1957,1901,56,13.8,480,1.0,0.9377291666666667,0.9713847726111395,0.9108958333333335
221,2025-01-19,Tarde,M1,480,294,725,687,38,12.0,186,0.3875,0.7795698924731183,0.9475862068965517,0.28625
222,2025-01-19,Tarde,M2,480,41,1580,1554,26,12.6,439,0.9145833333333333,0.7558086560364464,0.9835443037974684,0.6798749999999999
223,2025-01-19,Tarde,M3,480,43,1772,1697,75,13.2,437,0.9104166666666667,0.8920823798627001,0.9576749435665914,0.7777916666666667
224,2025-01-19,Tarde,M4,480,0,1594,1516,78,13.8,480,1.0,0.7637916666666666,0.9510664993726474,0.7264166666666666
225,2025-01-19,Noche,M1,480,5,2160,2033,127,12.0,475,0.9895833333333334,0.9094736842105263,0.9412037037037037,0.8470833333333333
226,2025-01-19,Noche,M2,480,16,1708,1632,76,12.6,464,0.9666666666666667,0.7730172413793103,0.955503512880562,0.714
227,2025-01-19,Noche,M3,480,0,1892,1779,113,13.2,480,1.0,0.8671666666666666,0.9402748414376322,0.815375
228,2025-01-19,Noche,M4,480,27,1878,1817,61,13.8,453,0.94375,0.9535099337748345,0.9675186368477103,0.8706458333333335
229,2025-01-20,Mañana,M1,480,0,2003,1942,61,12.0,480,1.0,0.8345833333333333,0.9695456814777833,0.8091666666666667
230,2025-01-20,Mañana,M2,480,31,1866,1828,38,12.6,449,0.9354166666666667,0.872739420935412,0.9796355841371919,0.79975
231,2025-01-20,Mañana,M3,480,0,1757,1654,103,13.2,480,1.0,0.8052916666666666,0.9413773477518498,0.7580833333333333
232,2025-01-20,Mañana,M4,480,22,1642,1566,76,13.8,458,0.9541666666666667,0.824585152838428,0.953714981729598,0.7503750000000001
233,2025-01-20,Tarde,M1,480,12,2177,2059,118,12.0,468,0.975,0.9303418803418804,0.9457969683050069,0.8579166666666667
234,2025-01-20,Tarde,M2,480,25,1942,1859,83,12.6,455,0.9479166666666666,0.8963076923076924,0.9572605561277034,0.8133125
235,2025-01-20,Tarde,M3,480,31,1570,1499,71,13.2,449,0.9354166666666667,0.7692650334075724,0.9547770700636943,0.6870416666666667
236,2025-01-20,Tarde,M4,480,0,1599,1583,16,13.8,480,1.0,0.7661875,0.9899937460913071,0.7585208333333333
237,2025-01-20,Noche,M1,480,78,1812,1725,87,12.0,402,0.8375,0.9014925373134328,0.9519867549668874,0.71875
238,2025-01-20,Noche,M2,480,154,1269,1208,61,12.6,326,0.6791666666666667,0.8174539877300613,0.9519306540583137,0.5285
239,2025-01-20,Noche,M3,480,57,1676,1656,20,13.2,423,0.88125,0.8716784869976358,0.9880668257756563,0.7589999999999999
240,2025-01-20,Noche,M4,480,81,1436,1356,80,13.8,399,0.83125,0.8277694235588973,0.9442896935933147,0.64975
241,2025-01-21,Mañana,M1,480,11,2089,1970,119,12.0,469,0.9770833333333333,0.8908315565031983,0.9430349449497367,0.8208333333333334
242,2025-01-21,Mañana,M2,480,98,1634,1595,39,12.6,382,0.7958333333333333,0.8982722513089004,0.9761321909424725,0.6978125
243,2025-01-21,Mañana,M3,480,79,1779,1678,101,13.2,401,0.8354166666666667,0.9760099750623441,0.9432265317594154,0.7690833333333333
244,2025-01-21,Mañana,M4,480,0,1644,1617,27,13.8,480,1.0,0.7877500000000001,0.9835766423357665,0.7748125000000001
245,2025-01-21,Tarde,M1,480,59,1864,1798,66,12.0,421,0.8770833333333333,0.8855106888361045,0.9645922746781116,0.7491666666666666
246,2025-01-21,Tarde,M2,480,61,1788,1703,85,12.6,419,0.8729166666666667,0.8961336515513126,0.9524608501118568,0.7450625
247,2025-01-21,Tarde,M3,480,0,1867,1848,19,13.2,480,1.0,0.8557083333333333,0.9898232458489555,0.847
248,2025-01-21,Tarde,M4,480,6,1735,1649,86,13.8,474,0.9875,0.8418776371308017,0.9504322766570605,0.7901458333333334
249,2025-01-21,Noche,M1,480,0,2106,2008,98,12.0,480,1.0,0.8775,0.9534662867996201,0.8366666666666666
250,2025-01-21,Noche,M2,480,30,1880,1861,19,12.6,450,0.9375,0.8773333333333333,0.9898936170212767,0.8141875000000001
251,2025-01-21,Noche,M3,480,6,2090,2031,59,13.2,474,0.9875,0.970042194092827,0.9717703349282296,0.930875
252,2025-01-21,Noche,M4,480,94,1643,1597,46,13.8,386,0.8041666666666667,0.9789896373056995,0.9720024345709068,0.7652291666666666
253,2025-01-22,Mañana,M1,480,28,2107,2077,30,12.0,452,0.9416666666666667,0.9323008849557523,0.9857617465590888,0.8654166666666667
254,2025-01-22,Mañana,M2,480,55,1798,1720,78,12.6,425,0.8854166666666666,0.8884235294117647,0.9566184649610678,0.7525000000000001
255,2025-01-22,Mañana,M3,480,10,1640,1619,21,13.2,470,0.9791666666666666,0.7676595744680851,0.9871951219512195,0.7420416666666666
256,2025-01-22,Mañana,M4,480,15,1668,1616,52,13.8,465,0.96875,0.8250322580645162,0.9688249400479616,0.7743333333333333
257,2025-01-22,Tarde,M1,480,0,1921,1845,76,12.0,480,1.0,0.8004166666666667,0.9604372722540343,0.7687499999999999
258,2025-01-22,Tarde,M2,480,93,1460,1419,41,12.6,387,0.80625,0.7922480620155039,0.9719178082191781,0.6208125
259,2025-01-22,Tarde,M3,480,80,1477,1424,53,13.2,400,0.8333333333333334,0.8123499999999999,0.964116452268111,0.6526666666666666
260,2025-01-22,Tarde,M4,480,46,1763,1705,58,13.8,434,0.9041666666666667,0.9343087557603688,0.9671015314804311,0.8169791666666668
261,2025-01-22,Noche,M1,480,58,1823,1765,58,12.0,422,0.8791666666666667,0.8639810426540284,0.968184311574328,0.7354166666666666
262,2025-01-22,Noche,M2,480,21,2120,2092,28,12.6,459,0.95625,0.9699346405228758,0.9867924528301887,0.91525
263,2025-01-22,Noche,M3,480,0,1777,1736,41,13.2,480,1.0,0.8144583333333333,0.9769274057400112,0.7956666666666666
264,2025-01-22,Noche,M4,480,93,1287,1243,44,13.8,387,0.80625,0.7648837209302326,0.9658119658119658,0.5956041666666667
265,2025-01-23,Mañana,M1,480,0,1834,1733,101,12.0,480,1.0,0.7641666666666667,0.9449291166848419,0.7220833333333334
266,2025-01-23,Mañana,M2,480,0,1994,1934,60,12.6,480,1.0,0.8723749999999999,0.9699097291875627,0.8461249999999999
267,2025-01-23,Mañana,M3,480,154,1129,1095,34,13.2,326,0.6791666666666667,0.7619018404907975,0.9698848538529672,0.5018749999999998
268,2025-01-23,Mañana,M4,480,17,1812,1776,36,13.8,463,0.9645833333333333,0.9001295896328294,0.9801324503311258,0.8510000000000001
269,2025-01-23,Tarde,M1,480,101,1665,1605,60,12.0,379,0.7895833333333333,0.8786279683377308,0.963963963963964,0.66875
270,2025-01-23,Tarde,M2,480,0,2166,2067,99,12.6,480,1.0,0.9476249999999999,0.9542936288088643,0.9043125
271,2025-01-23,Tarde,M3,480,0,1991,1917,74,13.2,480,1.0,0.9125416666666666,0.9628327473631341,0.8786249999999999
272,2025-01-23,Tarde,M4,480,0,1785,1724,61,13.8,480,1.0,0.8553125,0.9658263305322129,0.8260833333333334
273,2025-01-23,Noche,M1,480,0,2322,2201,121,12.0,480,1.0,0.9675,0.9478897502153316,0.9170833333333334
274,2025-01-23,Noche,M2,480,55,1893,1831,62,12.6,425,0.8854166666666666,0.9353647058823529,0.9672477548864237,0.8010624999999999
275,2025-01-23,Noche,M3,480,0,2030,1990,40,13.2,480,1.0,0.9304166666666667,0.9802955665024631,0.9120833333333334
276,2025-01-23,Noche,M4,480,63,1576,1545,31,13.8,417,0.86875,0.8692565947242208,0.9803299492385786,0.7403125000000002
277,2025-01-24,Mañana,M1,480,116,1745,1681,64,12.0,364,0.7583333333333333,0.9587912087912088,0.9633237822349571,0.7004166666666667
278,2025-01-24,Mañana,M2,480,51,1710,1627,83,12.6,429,0.89375,0.8370629370629371,0.9514619883040936,0.7118125000000001
279,2025-01-24,Mañana,M3,480,6,2008,1930,78,13.2,474,0.9875,0.9319831223628692,0.9611553784860558,0.8845833333333334
280,2025-01-24,Mañana,M4,480,72,1654,1612,42,13.8,408,0.85,0.9324019607843138,0.9746070133010882,0.7724166666666666
281,2025-01-24,Tarde,M1,480,18,2207,2113,94,12.0,462,0.9625,0.9554112554112554,0.9574082464884458,0.8804166666666666
282,2025-01-24,Tarde,M2,480,0,1945,1866,79,12.6,480,1.0,0.8509375,0.9593830334190231,0.816375
283,2025-01-24,Tarde,M3,480,0,2079,1975,104,13.2,480,1.0,0.952875,0.94997594997595,0.9052083333333334
284,2025-01-24,Tarde,M4,480,71,1694,1641,53,13.8,409,0.8520833333333333,0.9526161369193155,0.9687131050767415,0.7863125000000001
285,2025-01-24,Noche,M1,480,0,1806,1738,68,12.0,480,1.0,0.7525,0.9623477297895903,0.7241666666666666
286,2025-01-24,Noche,M2,480,72,1597,1544,53,12.6,408,0.85,0.8219852941176471,0.9668127739511584,0.6755
287,2025-01-24,Noche,M3,480,43,1815,1722,93,13.2,437,0.9104166666666667,0.9137299771167048,0.9487603305785124,0.7892499999999999
288,2025-01-24,Noche,M4,480,0,1680,1652,28,13.8,480,1.0,0.805,0.9833333333333333,0.7915833333333333
289,2025-01-25,Mañana,M1,480,31,2004,1949,55,12.0,449,0.9354166666666667,0.8926503340757238,0.9725548902195609,0.8120833333333333
290,2025-01-25,Mañana,M2,480,184,1147,1099,48,12.6,296,0.6166666666666667,0.81375,0.958151700087184,0.48081250000000003
291,2025-01-25,Mañana,M3,480,52,1878,1778,100,13.2,428,0.8916666666666667,0.9653271028037382,0.946751863684771,0.8149166666666667
292,2025-01-25,Mañana,M4,480,44,1798,1731,67,13.8,436,0.9083333333333333,0.9484862385321101,0.9627363737486095,0.8294374999999999
293,2025-01-25,Tarde,M1,480,80,1628,1542,86,12.0,400,0.8333333333333334,0.814,0.9471744471744472,0.6425000000000001
294,2025-01-25,Tarde,M2,480,82,1554,1475,79,12.6,398,0.8291666666666667,0.8199497487437185,0.9491634491634492,0.6453125000000001
295,2025-01-25,Tarde,M3,480,35,1522,1472,50,13.2,445,0.9270833333333334,0.7524494382022471,0.9671484888304862,0.6746666666666665
296,2025-01-25,Tarde,M4,480,16,1857,1834,23,13.8,464,0.9666666666666667,0.9204956896551725,0.9876144318793754,0.8787916666666669
297,2025-01-25,Noche,M1,480,222,1145,1127,18,12.0,258,0.5375,0.8875968992248062,0.9842794759825327,0.4695833333333333
298,2025-01-25,Noche,M2,480,0,2192,2097,95,12.6,480,1.0,0.9590000000000001,0.9566605839416058,0.9174375
299,2025-01-25,Noche,M3,480,102,1463,1404,59,13.2,378,0.7875,0.8514814814814814,0.9596719070403281,0.6435
300,2025-01-25,Noche,M4,480,108,1436,1369,67,13.8,372,0.775,0.8878494623655914,0.9533426183844012,0.6559791666666668
301,2025-01-26,Mañana,M1,480,25,1779,1737,42,12.0,455,0.9479166666666666,0.781978021978022,0.9763912310286678,0.7237499999999999
302,2025-01-26,Mañana,M2,480,52,1770,1752,18,12.6,428,0.8916666666666667,0.8684579439252337,0.9898305084745763,0.7665000000000001
303,2025-01-26,Mañana,M3,480,0,1746,1726,20,13.2,480,1.0,0.8002499999999999,0.9885452462772051,0.7910833333333332
304,2025-01-26,Mañana,M4,480,0,1727,1641,86,13.8,480,1.0,0.8275208333333334,0.9502026635784597,0.7863125
305,2025-01-26,Tarde,M1,480,73,1579,1536,43,12.0,407,0.8479166666666667,0.7759213759213759,0.9727675744141862,0.6399999999999999
306,2025-01-26,Tarde,M2,480,162,1273,1234,39,12.6,318,0.6625,0.8406603773584905,0.969363707776905,0.539875
307,2025-01-26,Tarde,M3,480,226,879,859,20,13.2,254,0.5291666666666667,0.7613385826771653,0.9772468714448237,0.39370833333333327
308,2025-01-26,Tarde,M4,480,0,1855,1773,82,13.8,480,1.0,0.8888541666666666,0.9557951482479784,0.8495624999999999
309,2025-01-26,Noche,M1,480,0,2011,1946,65,12.0,480,1.0,0.8379166666666666,0.9676777722526106,0.8108333333333333
310,2025-01-26,Noche,M2,480,27,1653,1630,23,12.6,453,0.94375,0.7662913907284767,0.9860859044162129,0.7131249999999999
311,2025-01-26,Noche,M3,480,86,1703,1625,78,13.2,394,0.8208333333333333,0.9509137055837563,0.9541984732824428,0.7447916666666666
312,2025-01-26,Noche,M4,480,0,1998,1972,26,13.8,480,1.0,0.9573750000000001,0.986986986986987,0.9449166666666667
313,2025-01-27,Mañana,M1,480,24,1864,1801,63,12.0,456,0.95,0.8175438596491228,0.9662017167381974,0.7504166666666666
314,2025-01-27,Mañana,M2,480,36,1752,1671,81,12.6,444,0.925,0.8286486486486486,0.9537671232876712,0.7310625
315,2025-01-27,Mañana,M3,480,111,1575,1492,83,13.2,369,0.76875,0.9390243902439024,0.9473015873015873,0.6838333333333334
316,2025-01-27,Mañana,M4,480,45,1717,1668,49,13.8,435,0.90625,0.9078390804597702,0.9714618520675598,0.7992500000000001
317,2025-01-27,Tarde,M1,480,0,2037,2003,34,12.0,480,1.0,0.84875,0.9833087874324987,0.8345833333333333
318,2025-01-27,Tarde,M2,480,58,1540,1494,46,12.6,422,0.8791666666666667,0.7663507109004739,0.9701298701298702,0.653625
319,2025-01-27,Tarde,M3,480,13,1698,1598,100,13.2,467,0.9729166666666667,0.7999143468950749,0.9411071849234394,0.7324166666666667
320,2025-01-27,Tarde,M4,480,71,1490,1473,17,13.8,409,0.8520833333333333,0.8378973105134474,0.9885906040268456,0.7058125
321,2025-01-27,Noche,M1,480,0,2014,1978,36,12.0,480,1.0,0.8391666666666666,0.9821251241310824,0.8241666666666666
322,2025-01-27,Noche,M2,480,0,2111,2042,69,12.6,480,1.0,0.9235625,0.9673140691615348,0.893375
323,2025-01-27,Noche,M3,480,45,1858,1749,109,13.2,435,0.90625,0.9396781609195402,0.9413347685683531,0.8016249999999999
324,2025-01-27,Noche,M4,480,13,1781,1715,66,13.8,467,0.9729166666666667,0.8771520342612421,0.9629421673217293,0.8217708333333335
325,2025-01-28,Mañana,M1,480,179,1321,1285,36,12.0,301,0.6270833333333333,0.8777408637873754,0.9727479182437547,0.5354166666666667
326,2025-01-28,Mañana,M2,480,19,1893,1837,56,12.6,461,0.9604166666666667,0.8623210412147505,0.9704173269941891,0.8036875
327,2025-01-28,Mañana,M3,480,200,1165,1123,42,13.2,280,0.5833333333333334,0.9153571428571429,0.9639484978540772,0.5147083333333334
328,2025-01-28,Mañana,M4,480,5,1926,1881,45,13.8,475,0.9895833333333334,0.9325894736842106,0.9766355140186916,0.9013125000000002
329,2025-01-28,Tarde,M1,480,118,1602,1556,46,12.0,362,0.7541666666666667,0.8850828729281768,0.9712858926342073,0.6483333333333333
330,2025-01-28,Tarde,M2,480,7,1954,1887,67,12.6,473,0.9854166666666667,0.8675264270613107,0.965711361310133,0.8255624999999999
331,2025-01-28,Tarde,M3,480,88,1686,1633,53,13.2,392,0.8166666666666667,0.9462244897959182,0.968564650059312,0.7484583333333332
332,2025-01-28,Tarde,M4,480,33,1871,1851,20,13.8,447,0.93125,0.9627069351230426,0.9893105291288081,0.8869375
333,2025-01-28,Noche,M1,480,58,2047,2026,21,12.0,422,0.8791666666666667,0.9701421800947867,0.9897410845139228,0.8441666666666667
334,2025-01-28,Noche,M2,480,143,1487,1424,63,12.6,337,0.7020833333333333,0.9266172106824926,0.9576328177538669,0.623
335,2025-01-28,Noche,M3,480,34,1572,1493,79,13.2,446,0.9291666666666667,0.7754260089686098,0.9497455470737913,0.6842916666666665
336,2025-01-28,Noche,M4,480,44,1552,1531,21,13.8,436,0.9083333333333333,0.8187155963302754,0.9864690721649485,0.7336041666666668
337,2025-01-29,Mañana,M1,480,107,1797,1743,54,12.0,373,0.7770833333333333,0.9635388739946381,0.9699499165275459,0.7262500000000001
338,2025-01-29,Mañana,M2,480,101,1502,1439,63,12.6,379,0.7895833333333333,0.8322427440633245,0.9580559254327563,0.6295624999999999
339,2025-01-29,Mañana,M3,480,0,2082,2009,73,13.2,480,1.0,0.9542499999999999,0.9649375600384246,0.9207916666666666
340,2025-01-29,Mañana,M4,480,107,1523,1447,76,13.8,373,0.7770833333333333,0.9391152815013405,0.9500984898227183,0.6933541666666667
341,2025-01-29,Tarde,M1,480,11,1830,1755,75,12.0,469,0.9770833333333333,0.7803837953091685,0.9590163934426229,0.73125
342,2025-01-29,Tarde,M2,480,0,2107,2053,54,12.6,480,1.0,0.9218125,0.9743711438063598,0.8981875000000001
343,2025-01-29,Tarde,M3,480,0,1892,1869,23,13.2,480,1.0,0.8671666666666666,0.9878435517970402,0.856625
344,2025-01-29,Tarde,M4,480,82,1299,1270,29,13.8,398,0.8291666666666667,0.750678391959799,0.9776751347190146,0.6085416666666668
345,2025-01-29,Noche,M1,480,11,2184,2065,119,12.0,469,0.9770833333333333,0.9313432835820895,0.9455128205128205,0.8604166666666666
346,2025-01-29,Noche,M2,480,25,1818,1743,75,12.6,455,0.9479166666666666,0.839076923076923,0.9587458745874587,0.7625624999999999
347,2025-01-29,Noche,M3,480,56,1740,1639,101,13.2,424,0.8833333333333333,0.9028301886792452,0.9419540229885057,0.7512083333333333
348,2025-01-29,Noche,M4,480,135,1297,1256,41,13.8,345,0.71875,0.8646666666666668,0.9683885890516577,0.6018333333333334
349,2025-01-30,Mañana,M1,480,9,1794,1708,86,12.0,471,0.98125,0.7617834394904459,0.9520624303232998,0.7116666666666667
350,2025-01-30,Mañana,M2,480,53,1663,1636,27,12.6,427,0.8895833333333333,0.8178688524590164,0.9837642814191221,0.71575
351,2025-01-30,Mañana,M3,480,21,1991,1943,48,13.2,459,0.95625,0.9542919389978213,0.9758915118031141,0.8905416666666667
352,2025-01-30,Mañana,M4,480,32,1580,1499,81,13.8,448,0.9333333333333333,0.8111607142857142,0.9487341772151898,0.7182708333333333
353,2025-01-30,Tarde,M1,480,0,2009,1956,53,12.0,480,1.0,0.8370833333333333,0.9736187157789945,0.815
354,2025-01-30,Tarde,M2,480,0,1779,1725,54,12.6,480,1.0,0.7783125,0.96964586846543,0.7546875
355,2025-01-30,Tarde,M3,480,18,1579,1527,52,13.2,462,0.9625,0.7519047619047619,0.967067764407853,0.6998749999999999
356,2025-01-30,Tarde,M4,480,101,1527,1451,76,13.8,379,0.7895833333333333,0.9266754617414249,0.9502292075965947,0.6952708333333334
357,2025-01-30,Noche,M1,480,0,1946,1925,21,12.0,480,1.0,0.8108333333333333,0.9892086330935251,0.8020833333333333
358,2025-01-30,Noche,M2,480,36,1900,1789,111,12.6,444,0.925,0.8986486486486487,0.9415789473684211,0.7826875000000001
359,2025-01-30,Noche,M3,480,38,1867,1806,61,13.2,442,0.9208333333333333,0.9292760180995474,0.967327262988752,0.8277499999999999
360,2025-01-30,Noche,M4,480,11,1645,1589,56,13.8,469,0.9770833333333333,0.8067164179104478,0.9659574468085106,0.7613958333333333
361,2025-01-31,Mañana,M1,480,242,1041,981,60,12.0,238,0.49583333333333335,0.8747899159663866,0.9423631123919308,0.40875
362,2025-01-31,Mañana,M2,480,0,1906,1866,40,12.6,480,1.0,0.8338749999999999,0.9790136411332634,0.816375
363,2025-01-31,Mañana,M3,480,0,1707,1637,70,13.2,480,1.0,0.7823749999999999,0.9589923842999414,0.7502916666666666
364,2025-01-31,Mañana,M4,480,37,1559,1517,42,13.8,443,0.9229166666666667,0.8094130925507901,0.9730596536241181,0.7268958333333334
365,2025-01-31,Tarde,M1,480,37,1665,1596,69,12.0,443,0.9229166666666667,0.7516930022573364,0.9585585585585585,0.665
366,2025-01-31,Tarde,M2,480,45,1668,1610,58,12.6,435,0.90625,0.8052413793103448,0.9652278177458034,0.704375
367,2025-01-31,Tarde,M3,480,74,1579,1521,58,13.2,406,0.8458333333333333,0.855615763546798,0.9632678910702976,0.697125
368,2025-01-31,Tarde,M4,480,26,1575,1556,19,13.8,454,0.9458333333333333,0.7979074889867841,0.9879365079365079,0.7455833333333333
369,2025-01-31,Noche,M1,480,420,255,245,10,12.0,60,0.125,0.85,0.9607843137254902,0.10208333333333333
370,2025-01-31,Noche,M2,480,0,2041,1921,120,12.6,480,1.0,0.8929374999999999,0.9412052915237629,0.8404375
371,2025-01-31,Noche,M3,480,0,2034,1922,112,13.2,480,1.0,0.93225,0.9449360865290068,0.8809166666666667
372,2025-01-31,Noche,M4,480,110,1209,1176,33,13.8,370,0.7708333333333334,0.7515405405405405,0.9727047146401985,0.5635
373,2025-02-01,Mañana,M1,480,7,1948,1846,102,12.0,473,0.9854166666666667,0.8236786469344609,0.9476386036960985,0.7691666666666668
374,2025-02-01,Mañana,M2,480,5,1946,1863,83,12.6,475,0.9895833333333334,0.8603368421052631,0.9573484069886947,0.8150624999999999
375,2025-02-01,Mañana,M3,480,0,1781,1728,53,13.2,480,1.0,0.8162916666666665,0.970241437394722,0.7919999999999998
376,2025-02-01,Mañana,M4,480,34,1863,1756,107,13.8,446,0.9291666666666667,0.9607399103139014,0.942565754159957,0.8414166666666667
377,2025-02-01,Tarde,M1,480,5,2089,2031,58,12.0,475,0.9895833333333334,0.879578947368421,0.9722355193872666,0.84625
378,2025-02-01,Tarde,M2,480,112,1355,1308,47,12.6,368,0.7666666666666667,0.7732336956521739,0.9653136531365314,0.57225
379,2025-02-01,Tarde,M3,480,0,1655,1636,19,13.2,480,1.0,0.7585416666666667,0.9885196374622357,0.7498333333333334
380,2025-02-01,Tarde,M4,480,0,1981,1934,47,13.8,480,1.0,0.9492291666666668,0.9762746087834427,0.9267083333333335
381,2025-02-01,Noche,M1,480,120,1719,1666,53,12.0,360,0.75,0.955,0.9691681210005817,0.6941666666666666
382,2025-02-01,Noche,M2,480,58,1902,1864,38,12.6,422,0.8791666666666667,0.9464928909952607,0.9800210304942166,0.8155
383,2025-02-01,Noche,M3,480,0,1670,1575,95,13.2,480,1.0,0.7654166666666666,0.9431137724550899,0.721875
384,2025-02-01,Noche,M4,480,27,1627,1555,72,13.8,453,0.94375,0.8260706401766005,0.9557467732022127,0.7451041666666667
385,2025-02-02,Mañana,M1,480,43,1657,1630,27,12.0,437,0.9104166666666667,0.7583524027459955,0.9837054918527459,0.6791666666666667
386,2025-02-02,Mañana,M2,480,14,1692,1593,99,12.6,466,0.9708333333333333,0.7624892703862661,0.9414893617021277,0.6969375000000001
387,2025-02-02,Mañana,M3,480,11,1599,1525,74,13.2,469,0.9770833333333333,0.7500639658848614,0.9537210756722951,0.6989583333333332
388,2025-02-02,Mañana,M4,480,40,1808,1752,56,13.8,440,0.9166666666666666,0.9450909090909091,0.9690265486725663,0.8394999999999999
389,2025-02-02,Tarde,M1,480,50,1702,1654,48,12.0,430,0.8958333333333334,0.7916279069767442,0.9717978848413631,0.6891666666666667
390,2025-02-02,Tarde,M2,480,74,1873,1851,22,12.6,406,0.8458333333333333,0.9687931034482758,0.98825413774693,0.8098124999999999
391,2025-02-02,Tarde,M3,480,56,1781,1755,26,13.2,424,0.8833333333333333,0.9241037735849056,0.9854014598540146,0.8043749999999998
392,2025-02-02,Tarde,M4,480,142,1258,1188,70,13.8,338,0.7041666666666667,0.85603550295858,0.9443561208267091,0.5692500000000001
393,2025-02-02,Noche,M1,480,139,1553,1482,71,12.0,341,0.7104166666666667,0.910850439882698,0.9542820347714102,0.6175
394,2025-02-02,Noche,M2,480,165,1128,1078,50,12.6,315,0.65625,0.752,0.9556737588652482,0.47162499999999996
395,2025-02-02,Noche,M3,480,118,1253,1209,44,13.2,362,0.7541666666666667,0.7614917127071823,0.9648842777334398,0.554125
396,2025-02-02,Noche,M4,480,17,1910,1876,34,13.8,463,0.9645833333333333,0.9488120950323974,0.9821989528795811,0.8989166666666666
397,2025-02-03,Mañana,M1,480,27,2113,2066,47,12.0,453,0.94375,0.9328918322295806,0.9777567439659253,0.8608333333333333
398,2025-02-03,Mañana,M2,480,42,1915,1858,57,12.6,438,0.9125,0.9181506849315069,0.9702349869451697,0.812875
399,2025-02-03,Mañana,M3,480,0,2029,1980,49,13.2,480,1.0,0.9299583333333333,0.9758501724987678,0.9075
400,2025-02-03,Mañana,M4,480,82,1565,1500,65,13.8,398,0.8291666666666667,0.9043969849246232,0.9584664536741214,0.7187500000000001
401,2025-02-03,Tarde,M1,480,0,2030,1934,96,12.0,480,1.0,0.8458333333333333,0.9527093596059113,0.8058333333333333
402,2025-02-03,Tarde,M2,480,0,1860,1816,44,12.6,480,1.0,0.81375,0.9763440860215054,0.7945
403,2025-02-03,Tarde,M3,480,12,1792,1708,84,13.2,468,0.975,0.8423931623931623,0.953125,0.7828333333333333
404,2025-02-03,Tarde,M4,480,35,1570,1532,38,13.8,445,0.9270833333333334,0.8114606741573034,0.975796178343949,0.7340833333333333
405,2025-02-03,Noche,M1,480,160,1438,1405,33,12.0,320,0.6666666666666666,0.89875,0.9770514603616134,0.5854166666666667
406,2025-02-03,Noche,M2,480,0,2221,2171,50,12.6,480,1.0,0.9716874999999999,0.9774876181900045,0.9498125
407,2025-02-03,Noche,M3,480,120,1582,1508,74,13.2,360,0.75,0.9667777777777776,0.9532237673830595,0.6911666666666666
408,2025-02-03,Noche,M4,480,24,1797,1743,54,13.8,456,0.95,0.9063815789473685,0.9699499165275459,0.8351875000000001
409,2025-02-04,Mañana,M1,480,0,2121,2073,48,12.0,480,1.0,0.88375,0.9773691654879774,0.86375
410,2025-02-04,Mañana,M2,480,118,1333,1320,13,12.6,362,0.7541666666666667,0.7732872928176795,0.9902475618904726,0.5774999999999999
411,2025-02-04,Mañana,M3,480,73,1572,1536,36,13.2,407,0.8479166666666667,0.8497297297297296,0.9770992366412213,0.7039999999999998
412,2025-02-04,Mañana,M4,480,27,1800,1774,26,13.8,453,0.94375,0.9139072847682119,0.9855555555555555,0.8500416666666666
413,2025-02-04,Tarde,M1,480,0,2284,2177,107,12.0,480,1.0,0.9516666666666667,0.9531523642732049,0.9070833333333334
414,2025-02-04,Tarde,M2,480,0,1844,1806,38,12.6,480,1.0,0.80675,0.9793926247288504,0.790125
415,2025-02-04,Tarde,M3,480,27,1891,1815,76,13.2,453,0.94375,0.9183664459161147,0.9598096245372819,0.8318749999999999
416,2025-02-04,Tarde,M4,480,109,1508,1431,77,13.8,371,0.7729166666666667,0.934878706199461,0.9489389920424404,0.6856875000000001
417,2025-02-04,Noche,M1,480,62,1600,1555,45,12.0,418,0.8708333333333333,0.7655502392344498,0.971875,0.6479166666666667
418,2025-02-04,Noche,M2,480,110,1422,1358,64,12.6,370,0.7708333333333334,0.8070810810810811,0.9549929676511955,0.594125
419,2025-02-04,Noche,M3,480,82,1383,1313,70,13.2,398,0.8291666666666667,0.7644723618090452,0.9493853940708604,0.6017916666666667
420,2025-02-04,Noche,M4,480,16,1746,1724,22,13.8,464,0.9666666666666667,0.8654741379310346,0.9873997709049256,0.8260833333333334
421,2025-02-05,Mañana,M1,480,16,1825,1793,32,12.0,464,0.9666666666666667,0.7866379310344828,0.9824657534246576,0.7470833333333333
422,2025-02-05,Mañana,M2,480,0,1811,1733,78,12.6,480,1.0,0.7923125,0.9569298729983434,0.7581874999999999
423,2025-02-05,Mañana,M3,480,56,1602,1520,82,13.2,424,0.8833333333333333,0.8312264150943396,0.9488139825218477,0.6966666666666667
424,2025-02-05,Mañana,M4,480,37,1861,1761,100,13.8,443,0.9229166666666667,0.9662076749435667,0.9462654486835035,0.8438125000000002
425,2025-02-05,Tarde,M1,480,0,2016,1941,75,12.0,480,1.0,0.84,0.9627976190476191,0.80875
426,2025-02-05,Tarde,M2,480,28,2029,1922,107,12.6,452,0.9416666666666667,0.9426769911504423,0.9472646623952686,0.8408749999999999
427,2025-02-05,Tarde,M3,480,103,1375,1354,21,13.2,377,0.7854166666666667,0.8023872679045093,0.9847272727272727,0.6205833333333334
428,2025-02-05,Tarde,M4,480,0,1566,1495,71,13.8,480,1.0,0.7503750000000001,0.954661558109834,0.7163541666666668
429,2025-02-05,Noche,M1,480,104,1514,1473,41,12.0,376,0.7833333333333333,0.8053191489361702,0.9729194187582563,0.61375
430,2025-02-05,Noche,M2,480,0,1831,1766,65,12.6,480,1.0,0.8010624999999999,0.9645002730748226,0.7726249999999999
431,2025-02-05,Noche,M3,480,22,1673,1638,35,13.2,458,0.9541666666666667,0.8036244541484716,0.9790794979079498,0.7507500000000001
432,2025-02-05,Noche,M4,480,82,1461,1383,78,13.8,398,0.8291666666666667,0.8442964824120602,0.946611909650924,0.6626875
433,2025-02-06,Mañana,M1,480,11,2132,2089,43,12.0,469,0.9770833333333333,0.9091684434968017,0.9798311444652908,0.8704166666666667
434,2025-02-06,Mañana,M2,480,80,1458,1409,49,12.6,400,0.8333333333333334,0.76545,0.96639231824417,0.6164375
435,2025-02-06,Mañana,M3,480,120,1409,1372,37,13.2,360,0.75,0.8610555555555556,0.9737402413058907,0.6288333333333332
436,2025-02-06,Mañana,M4,480,58,1539,1462,77,13.8,422,0.8791666666666667,0.8387914691943128,0.9499675113710201,0.7005416666666666
437,2025-02-06,Tarde,M1,480,94,1620,1560,60,12.0,386,0.8041666666666667,0.8393782383419689,0.9629629629629629,0.65
438,2025-02-06,Tarde,M2,480,5,1891,1797,94,12.6,475,0.9895833333333334,0.8360210526315789,0.9502908514013749,0.7861875
439,2025-02-06,Tarde,M3,480,36,1849,1770,79,13.2,444,0.925,0.9161711711711712,0.9572742022714981,0.81125
440,2025-02-06,Tarde,M4,480,48,1617,1601,16,13.8,432,0.9,0.8609027777777779,0.9901051329622759,0.7671458333333335
441,2025-02-06,Noche,M1,480,43,1709,1635,74,12.0,437,0.9104166666666667,0.7821510297482838,0.9566998244587478,0.6812499999999999
442,2025-02-06,Noche,M2,480,170,1364,1310,54,12.6,310,0.6458333333333334,0.9239999999999999,0.9604105571847508,0.573125
443,2025-02-06,Noche,M3,480,53,1563,1531,32,13.2,427,0.8895833333333333,0.8052927400468384,0.9795265515035189,0.7017083333333332
444,2025-02-06,Noche,M4,480,19,1882,1802,80,13.8,461,0.9604166666666667,0.9389587852494578,0.9574920297555791,0.8634583333333334
445,2025-02-07,Mañana,M1,480,9,2274,2179,95,12.0,471,0.98125,0.9656050955414013,0.9582233948988567,0.9079166666666667
446,2025-02-07,Mañana,M2,480,53,1627,1563,64,12.6,427,0.8895833333333333,0.8001639344262296,0.9606637984019668,0.6838125
447,2025-02-07,Mañana,M3,480,22,1925,1888,37,13.2,458,0.9541666666666667,0.9246724890829694,0.9807792207792208,0.8653333333333333
448,2025-02-07,Mañana,M4,480,0,1900,1847,53,13.8,480,1.0,0.9104166666666667,0.9721052631578947,0.8850208333333333
449,2025-02-07,Tarde,M1,480,5,2261,2211,50,12.0,475,0.9895833333333334,0.952,0.9778858911985847,0.9212499999999999
450,2025-02-07,Tarde,M2,480,11,2136,2020,116,12.6,469,0.9770833333333333,0.9564179104477611,0.9456928838951311,0.8837499999999999
451,2025-02-07,Tarde,M3,480,115,1571,1477,94,13.2,365,0.7604166666666666,0.9469041095890409,0.9401654996817314,0.6769583333333331
452,2025-02-07,Tarde,M4,480,5,1559,1516,43,13.8,475,0.9895833333333334,0.7548842105263158,0.9724182168056447,0.7264166666666667
453,2025-02-07,Noche,M1,480,72,1822,1735,87,12.0,408,0.85,0.8931372549019608,0.9522502744237102,0.7229166666666667
454,2025-02-07,Noche,M2,480,0,2154,2066,88,12.6,480,1.0,0.942375,0.9591457753017641,0.903875
455,2025-02-07,Noche,M3,480,115,1331,1278,53,13.2,365,0.7604166666666666,0.8022465753424658,0.9601803155522164,0.58575
456,2025-02-07,Noche,M4,480,324,601,594,7,13.8,156,0.325,0.8860897435897437,0.9883527454242929,0.2846250000000001
457,2025-02-08,Mañana,M1,480,87,1785,1705,80,12.0,393,0.81875,0.9083969465648855,0.9551820728291317,0.7104166666666666
458,2025-02-08,Mañana,M2,480,45,1839,1805,34,12.6,435,0.90625,0.8877931034482758,0.9815116911364872,0.7896874999999999
459,2025-02-08,Mañana,M3,480,72,1650,1576,74,13.2,408,0.85,0.8897058823529411,0.9551515151515152,0.7223333333333334
460,2025-02-08,Mañana,M4,480,40,1457,1441,16,13.8,440,0.9166666666666666,0.7616136363636364,0.9890185312285518,0.6904791666666666
461,2025-02-08,Tarde,M1,480,63,1987,1902,85,12.0,417,0.86875,0.9529976019184653,0.9572219426270759,0.7925
462,2025-02-08,Tarde,M2,480,0,2167,2050,117,12.6,480,1.0,0.9480625,0.9460083064143978,0.8968750000000001
463,2025-02-08,Tarde,M3,480,0,2006,1958,48,13.2,480,1.0,0.9194166666666665,0.9760717846460618,0.8974166666666665
464,2025-02-08,Tarde,M4,480,61,1721,1699,22,13.8,419,0.8729166666666667,0.9447016706443915,0.9872167344567112,0.8141041666666667
465,2025-02-08,Noche,M1,480,101,1792,1691,101,12.0,379,0.7895833333333333,0.9456464379947229,0.9436383928571429,0.7045833333333333
466,2025-02-08,Noche,M2,480,0,1916,1891,25,12.6,480,1.0,0.8382499999999999,0.9869519832985386,0.8273124999999999
467,2025-02-08,Noche,M3,480,0,1751,1693,58,13.2,480,1.0,0.8025416666666666,0.9668760708166761,0.7759583333333332
468,2025-02-08,Noche,M4,480,7,2002,1906,96,13.8,473,0.9854166666666667,0.9734883720930233,0.952047952047952,0.9132916666666667
469,2025-02-09,Mañana,M1,480,16,1809,1768,41,12.0,464,0.9666666666666667,0.7797413793103448,0.9773355444997236,0.7366666666666667
470,2025-02-09,Mañana,M2,480,92,1753,1722,31,12.6,388,0.8083333333333333,0.9487886597938144,0.9823160296634341,0.753375
471,2025-02-09,Mañana,M3,480,0,1879,1832,47,13.2,480,1.0,0.8612083333333334,0.9749866950505588,0.8396666666666667
472,2025-02-09,Mañana,M4,480,58,1491,1440,51,13.8,422,0.8791666666666667,0.8126303317535545,0.96579476861167,0.69
473,2025-02-09,Tarde,M1,480,0,2053,2002,51,12.0,480,1.0,0.8554166666666667,0.9751583049196298,0.8341666666666667
474,2025-02-09,Tarde,M2,480,12,2043,1964,79,12.6,468,0.975,0.9167307692307692,0.9613313754282917,0.85925
475,2025-02-09,Tarde,M3,480,173,1203,1147,56,13.2,307,0.6395833333333333,0.8620846905537458,0.9534497090606816,0.5257083333333331
476,2025-02-09,Tarde,M4,480,46,1612,1535,77,13.8,434,0.9041666666666667,0.8542857142857143,0.9522332506203474,0.7355208333333334
477,2025-02-09,Noche,M1,480,0,1908,1799,109,12.0,480,1.0,0.795,0.9428721174004193,0.7495833333333334
478,2025-02-09,Noche,M2,480,0,2012,1934,78,12.6,480,1.0,0.88025,0.9612326043737575,0.846125
479,2025-02-09,Noche,M3,480,14,1866,1831,35,13.2,466,0.9708333333333333,0.8809442060085836,0.9812433011789925,0.8392083333333332
480,2025-02-09,Noche,M4,480,78,1425,1345,80,13.8,402,0.8375,0.8152985074626866,0.9438596491228071,0.6444791666666667
481,2025-02-10,Mañana,M1,480,36,1949,1848,101,12.0,444,0.925,0.877927927927928,0.948178553104156,0.77
482,2025-02-10,Mañana,M2,480,7,1802,1706,96,12.6,473,0.9854166666666667,0.8000422832980972,0.946725860155383,0.7463750000000001
483,2025-02-10,Mañana,M3,480,92,1644,1576,68,13.2,388,0.8083333333333333,0.9321649484536082,0.9586374695863747,0.7223333333333333
484,2025-02-10,Mañana,M4,480,8,1583,1529,54,13.8,472,0.9833333333333333,0.7713771186440679,0.9658875552747946,0.7326458333333333
485,2025-02-10,Tarde,M1,480,10,1891,1787,104,12.0,470,0.9791666666666666,0.8046808510638298,0.9450026441036489,0.7445833333333334
486,2025-02-10,Tarde,M2,480,5,1949,1888,61,12.6,475,0.9895833333333334,0.8616631578947368,0.9687018984094408,0.8260000000000001
487,2025-02-10,Tarde,M3,480,47,1754,1657,97,13.2,433,0.9020833333333333,0.8911778290993071,0.9446978335233751,0.7594583333333332
488,2025-02-10,Tarde,M4,480,72,1395,1380,15,13.8,408,0.85,0.7863970588235294,0.989247311827957,0.66125
489,2025-02-10,Noche,M1,480,58,1636,1570,66,12.0,422,0.8791666666666667,0.7753554502369668,0.9596577017114915,0.6541666666666667
490,2025-02-10,Noche,M2,480,32,1792,1707,85,12.6,448,0.9333333333333333,0.8400000000000001,0.9525669642857143,0.7468125000000001
491,2025-02-10,Noche,M3,480,0,2024,1980,44,13.2,480,1.0,0.9276666666666666,0.9782608695652174,0.9075
492,2025-02-10,Noche,M4,480,21,1655,1636,19,13.8,459,0.95625,0.8293028322440087,0.9885196374622357,0.7839166666666668
493,2025-02-11,Mañana,M1,480,247,1071,1046,25,12.0,233,0.48541666666666666,0.91931330472103,0.976657329598506,0.4358333333333333
494,2025-02-11,Mañana,M2,480,174,1197,1165,32,12.6,306,0.6375,0.8214705882352941,0.9732664995822891,0.5096875
495,2025-02-11,Mañana,M3,480,0,1858,1816,42,13.2,480,1.0,0.8515833333333332,0.9773950484391819,0.8323333333333333
496,2025-02-11,Mañana,M4,480,97,1306,1230,76,13.8,383,0.7979166666666667,0.7842819843342036,0.9418070444104135,0.589375
497,2025-02-11,Tarde,M1,480,42,1933,1827,106,12.0,438,0.9125,0.882648401826484,0.9451629591308847,0.7612499999999999
498,2025-02-11,Tarde,M2,480,25,1825,1727,98,12.6,455,0.9479166666666666,0.8423076923076923,0.9463013698630137,0.7555625
499,2025-02-11,Tarde,M3,480,62,1477,1408,69,13.2,418,0.8708333333333333,0.7773684210526315,0.953283683141503,0.6453333333333332
500,2025-02-11,Tarde,M4,480,7,1824,1767,57,13.8,473,0.9854166666666667,0.8869344608879492,0.96875,0.8466875
501,2025-02-11,Noche,M1,480,0,1864,1795,69,12.0,480,1.0,0.7766666666666666,0.9629828326180258,0.7479166666666667
502,2025-02-11,Noche,M2,480,136,1351,1337,14,12.6,344,0.7166666666666667,0.8247383720930231,0.9896373056994818,0.5849374999999999
503,2025-02-11,Noche,M3,480,189,1057,1043,14,13.2,291,0.60625,0.799106529209622,0.9867549668874173,0.4780416666666667
504,2025-02-11,Noche,M4,480,30,1722,1680,42,13.8,450,0.9375,0.8801333333333334,0.975609756097561,0.805
505,2025-02-12,Mañana,M1,480,90,1667,1632,35,12.0,390,0.8125,0.8548717948717949,0.979004199160168,0.68
506,2025-02-12,Mañana,M2,480,8,2111,2004,107,12.6,472,0.9833333333333333,0.9392161016949152,0.9493131217432497,0.87675
507,2025-02-12,Mañana,M3,480,32,1680,1646,34,13.2,448,0.9333333333333333,0.825,0.9797619047619047,0.7544166666666666
508,2025-02-12,Mañana,M4,480,0,1789,1728,61,13.8,480,1.0,0.8572291666666667,0.965902738960313,0.828
509,2025-02-12,Tarde,M1,480,33,2099,2038,61,12.0,447,0.93125,0.9391498881431767,0.9709385421629347,0.8491666666666666
510,2025-02-12,Tarde,M2,480,7,2173,2077,96,12.6,473,0.9854166666666667,0.9647568710359408,0.9558214450069029,0.9086875
511,2025-02-12,Tarde,M3,480,10,1681,1610,71,13.2,470,0.9791666666666666,0.7868510638297871,0.9577632361689471,0.7379166666666666
512,2025-02-12,Tarde,M4,480,93,1399,1347,52,13.8,387,0.80625,0.8314470284237726,0.9628305932809149,0.6454375
513,2025-02-12,Noche,M1,480,46,1955,1929,26,12.0,434,0.9041666666666667,0.9009216589861752,0.9867007672634271,0.8037500000000001
514,2025-02-12,Noche,M2,480,79,1450,1406,44,12.6,401,0.8354166666666667,0.7593516209476309,0.9696551724137931,0.615125
515,2025-02-12,Noche,M3,480,0,2077,1999,78,13.2,480,1.0,0.9519583333333332,0.9624458353394318,0.9162083333333332
516,2025-02-12,Noche,M4,480,95,1340,1268,72,13.8,385,0.8020833333333334,0.8005194805194805,0.9462686567164179,0.6075833333333334
517,2025-02-13,Mañana,M1,480,159,1403,1330,73,12.0,321,0.66875,0.8741433021806854,0.9479686386315039,0.5541666666666667
518,2025-02-13,Mañana,M2,480,7,2126,2054,72,12.6,473,0.9854166666666667,0.9438900634249471,0.9661335841956726,0.898625
519,2025-02-13,Mañana,M3,480,7,1631,1593,38,13.2,473,0.9854166666666667,0.7586046511627906,0.976701410177805,0.7301249999999999
520,2025-02-13,Mañana,M4,480,0,2034,1916,118,13.8,480,1.0,0.9746250000000001,0.9419862340216323,0.9180833333333335
521,2025-02-13,Tarde,M1,480,79,1864,1821,43,12.0,401,0.8354166666666667,0.9296758104738154,0.976931330472103,0.7587499999999999
522,2025-02-13,Tarde,M2,480,32,1937,1906,31,12.6,448,0.9333333333333333,0.90796875,0.9839958699019101,0.8338749999999999
523,2025-02-13,Tarde,M3,480,7,1764,1699,65,13.2,473,0.9854166666666667,0.8204651162790697,0.9631519274376418,0.7787083333333333
524,2025-02-13,Tarde,M4,480,24,1832,1732,100,13.8,456,0.95,0.9240350877192983,0.9454148471615721,0.8299166666666667
525,2025-02-13,Noche,M1,480,0,2016,1986,30,12.0,480,1.0,0.84,0.9851190476190477,0.8275
526,2025-02-13,Noche,M2,480,0,2062,1980,82,12.6,480,1.0,0.9021250000000001,0.9602327837051406,0.8662500000000001
527,2025-02-13,Noche,M3,480,0,1753,1734,19,13.2,480,1.0,0.8034583333333333,0.9891614375356532,0.79475
528,2025-02-13,Noche,M4,480,104,1245,1231,14,13.8,376,0.7833333333333333,0.7615691489361702,0.9887550200803212,0.5898541666666667
529,2025-02-14,Mañana,M1,480,10,1784,1714,70,12.0,470,0.9791666666666666,0.7591489361702127,0.9607623318385651,0.7141666666666666
530,2025-02-14,Mañana,M2,480,160,1274,1227,47,12.6,320,0.6666666666666666,0.8360624999999999,0.9631083202511774,0.5368125
531,2025-02-14,Mañana,M3,480,0,1850,1755,95,13.2,480,1.0,0.8479166666666667,0.9486486486486486,0.804375
532,2025-02-14,Mañana,M4,480,76,1693,1668,25,13.8,404,0.8416666666666667,0.9638366336633664,0.9852333136444182,0.79925
533,2025-02-14,Tarde,M1,480,5,1896,1806,90,12.0,475,0.9895833333333334,0.7983157894736842,0.9525316455696202,0.7525000000000001
534,2025-02-14,Tarde,M2,480,0,1973,1910,63,12.6,480,1.0,0.8631875,0.968068930562595,0.835625
535,2025-02-14,Tarde,M3,480,5,1903,1808,95,13.2,475,0.9895833333333334,0.8813894736842105,0.9500788229111928,0.8286666666666667
536,2025-02-14,Tarde,M4,480,14,1687,1636,51,13.8,466,0.9708333333333333,0.8326394849785409,0.969768820391227,0.7839166666666668
537,2025-02-14,Noche,M1,480,22,2084,2044,40,12.0,458,0.9541666666666667,0.9100436681222708,0.980806142034549,0.8516666666666668
538,2025-02-14,Noche,M2,480,56,1652,1617,35,12.6,424,0.8833333333333333,0.8182075471698114,0.9788135593220338,0.7074374999999999
539,2025-02-14,Noche,M3,480,52,1760,1670,90,13.2,428,0.8916666666666667,0.9046728971962616,0.9488636363636364,0.7654166666666666
540,2025-02-14,Noche,M4,480,13,1836,1793,43,13.8,467,0.9729166666666667,0.9042398286937903,0.9765795206971678,0.8591458333333335
541,2025-02-15,Mañana,M1,480,0,2347,2306,41,12.0,480,1.0,0.9779166666666667,0.9825308904985087,0.9608333333333333
542,2025-02-15,Mañana,M2,480,154,1442,1427,15,12.6,326,0.6791666666666667,0.9288957055214724,0.9895977808599168,0.6243125
543,2025-02-15,Mañana,M3,480,120,1337,1310,27,13.2,360,0.75,0.8170555555555554,0.9798055347793567,0.6004166666666666
544,2025-02-15,Mañana,M4,480,5,1608,1514,94,13.8,475,0.9895833333333334,0.7786105263157895,0.9415422885572139,0.7254583333333334
545,2025-02-15,Tarde,M1,480,61,1848,1790,58,12.0,419,0.8729166666666667,0.8821002386634845,0.9686147186147186,0.7458333333333333
546,2025-02-15,Tarde,M2,480,53,1634,1567,67,12.6,427,0.8895833333333333,0.8036065573770491,0.9589963280293757,0.6855624999999999
547,2025-02-15,Tarde,M3,480,6,1916,1816,100,13.2,474,0.9875,0.8892827004219408,0.9478079331941545,0.8323333333333331
548,2025-02-15,Tarde,M4,480,0,1917,1866,51,13.8,480,1.0,0.9185625000000001,0.97339593114241,0.8941250000000001
549,2025-02-15,Noche,M1,480,18,1747,1675,72,12.0,462,0.9625,0.7562770562770563,0.9587864911276474,0.6979166666666667
550,2025-02-15,Noche,M2,480,54,1936,1861,75,12.6,426,0.8875,0.9543661971830986,0.9612603305785123,0.8141875
551,2025-02-15,Noche,M3,480,153,1253,1232,21,13.2,327,0.68125,0.8429969418960244,0.9832402234636871,0.5646666666666667
552,2025-02-15,Noche,M4,480,23,1901,1807,94,13.8,457,0.9520833333333333,0.9567396061269148,0.9505523408732246,0.8658541666666667
553,2025-02-16,Mañana,M1,480,89,1473,1405,68,12.0,391,0.8145833333333333,0.7534526854219948,0.9538357094365241,0.5854166666666666
554,2025-02-16,Mañana,M2,480,8,1755,1730,25,12.6,472,0.9833333333333333,0.7808262711864407,0.9857549857549858,0.756875
555,2025-02-16,Mañana,M3,480,87,1486,1453,33,13.2,393,0.81875,0.8318575063613232,0.977792732166891,0.6659583333333334
556,2025-02-16,Mañana,M4,480,0,1824,1729,95,13.8,480,1.0,0.874,0.9479166666666666,0.8284791666666667
557,2025-02-16,Tarde,M1,480,28,1858,1831,27,12.0,452,0.9416666666666667,0.8221238938053097,0.9854682454251884,0.7629166666666667
558,2025-02-16,Tarde,M2,480,0,2233,2162,71,12.6,480,1.0,0.9769375,0.9682042095835199,0.945875
559,2025-02-16,Tarde,M3,480,94,1367,1314,53,13.2,386,0.8041666666666667,0.7791191709844558,0.9612289685442575,0.60225
560,2025-02-16,Tarde,M4,480,115,1261,1241,20,13.8,365,0.7604166666666666,0.7946027397260274,0.9841395717684377,0.5946458333333332
561,2025-02-16,Noche,M1,480,17,2024,1996,28,12.0,463,0.9645833333333333,0.8742980561555076,0.9861660079051383,0.8316666666666667
562,2025-02-16,Noche,M2,480,0,1769,1700,69,12.6,480,1.0,0.7739375,0.9609949123798757,0.74375
563,2025-02-16,Noche,M3,480,51,1481,1430,51,13.2,429,0.89375,0.7594871794871795,0.9655638082376773,0.6554166666666668
564,2025-02-16,Noche,M4,480,42,1821,1730,91,13.8,438,0.9125,0.9562328767123289,0.9500274574409665,0.8289583333333335
565,2025-02-17,Mañana,M1,480,72,1791,1741,50,12.0,408,0.85,0.8779411764705882,0.9720826353992184,0.7254166666666667
566,2025-02-17,Mañana,M2,480,5,2095,2001,94,12.6,475,0.9895833333333334,0.9262105263157895,0.9551312649164678,0.8754375000000001
567,2025-02-17,Mañana,M3,480,63,1530,1506,24,13.2,417,0.86875,0.8071942446043165,0.984313725490196,0.69025
568,2025-02-17,Mañana,M4,480,23,1790,1683,107,13.8,457,0.9520833333333333,0.9008752735229759,0.9402234636871508,0.8064374999999999
569,2025-02-17,Tarde,M1,480,5,2263,2194,69,12.0,475,0.9895833333333334,0.9528421052631579,0.9695095006628369,0.9141666666666667
570,2025-02-17,Tarde,M2,480,47,1854,1747,107,12.6,433,0.9020833333333333,0.8991685912240184,0.9422869471413161,0.7643125
571,2025-02-17,Tarde,M3,480,0,1875,1800,75,13.2,480,1.0,0.859375,0.96,0.825
572,2025-02-17,Tarde,M4,480,81,1384,1367,17,13.8,399,0.83125,0.7977944862155388,0.9877167630057804,0.6550208333333334
573,2025-02-17,Noche,M1,480,125,1493,1456,37,12.0,355,0.7395833333333334,0.8411267605633803,0.9752176825184193,0.6066666666666668
574,2025-02-17,Noche,M2,480,0,1793,1737,56,12.6,480,1.0,0.7844375,0.9687674288901282,0.7599374999999999
575,2025-02-17,Noche,M3,480,84,1592,1511,81,13.2,396,0.825,0.8844444444444444,0.9491206030150754,0.6925416666666666
576,2025-02-17,Noche,M4,480,0,1794,1720,74,13.8,480,1.0,0.859625,0.9587513935340022,0.8241666666666666
577,2025-02-18,Mañana,M1,480,95,1522,1452,70,12.0,385,0.8020833333333334,0.7906493506493506,0.9540078843626807,0.605
578,2025-02-18,Mañana,M2,480,0,1927,1858,69,12.6,480,1.0,0.8430625,0.964193046185781,0.8128750000000001
579,2025-02-18,Mañana,M3,480,302,658,648,10,13.2,178,0.37083333333333335,0.8132584269662921,0.9848024316109423,0.29700000000000004
580,2025-02-18,Mañana,M4,480,53,1484,1437,47,13.8,427,0.8895833333333333,0.799344262295082,0.9683288409703504,0.6885625000000001
581,2025-02-18,Tarde,M1,480,0,2252,2137,115,12.0,480,1.0,0.9383333333333334,0.9489342806394316,0.8904166666666667
582,2025-02-18,Tarde,M2,480,12,2094,2007,87,12.6,468,0.975,0.9396153846153845,0.9584527220630372,0.8780624999999999
583,2025-02-18,Tarde,M3,480,53,1734,1668,66,13.2,427,0.8895833333333333,0.8933957845433255,0.9619377162629758,0.7644999999999998
584,2025-02-18,Tarde,M4,480,0,1593,1529,64,13.8,480,1.0,0.7633125000000001,0.9598242310106717,0.7326458333333334
585,2025-02-18,Noche,M1,480,10,1862,1825,37,12.0,470,0.9791666666666666,0.7923404255319149,0.9801288936627283,0.7604166666666666
586,2025-02-18,Noche,M2,480,14,1910,1855,55,12.6,466,0.9708333333333333,0.8607296137339056,0.9712041884816754,0.8115625
587,2025-02-18,Noche,M3,480,5,1654,1591,63,13.2,475,0.9895833333333334,0.7660631578947368,0.9619105199516325,0.7292083333333333
588,2025-02-18,Noche,M4,480,155,1156,1140,16,13.8,325,0.6770833333333334,0.8180923076923078,0.986159169550173,0.54625
589,2025-02-19,Mañana,M1,480,0,1870,1840,30,12.0,480,1.0,0.7791666666666667,0.983957219251337,0.7666666666666667
590,2025-02-19,Mañana,M2,480,91,1680,1584,96,12.6,389,0.8104166666666667,0.9069408740359897,0.9428571428571428,0.693
591,2025-02-19,Mañana,M3,480,0,1828,1760,68,13.2,480,1.0,0.8378333333333333,0.962800875273523,0.8066666666666666
592,2025-02-19,Mañana,M4,480,0,1567,1499,68,13.8,480,1.0,0.7508541666666667,0.9566049776643267,0.7182708333333334
593,2025-02-19,Tarde,M1,480,13,1804,1700,104,12.0,467,0.9729166666666667,0.7725910064239828,0.9423503325942351,0.7083333333333333
594,2025-02-19,Tarde,M2,480,13,2075,1984,91,12.6,467,0.9729166666666667,0.933083511777302,0.9561445783132531,0.8680000000000001
595,2025-02-19,Tarde,M3,480,185,1261,1235,26,13.2,295,0.6145833333333334,0.940406779661017,0.979381443298969,0.5660416666666668
596,2025-02-19,Tarde,M4,480,11,1904,1854,50,13.8,469,0.9770833333333333,0.9337313432835821,0.9737394957983193,0.888375
597,2025-02-19,Noche,M1,480,29,2050,2016,34,12.0,451,0.9395833333333333,0.9090909090909091,0.9834146341463414,0.84
598,2025-02-19,Noche,M2,480,163,1269,1248,21,12.6,317,0.6604166666666667,0.8406624605678233,0.983451536643026,0.5459999999999999
599,2025-02-19,Noche,M3,480,0,2112,1998,114,13.2,480,1.0,0.968,0.9460227272727273,0.91575
600,2025-02-19,Noche,M4,480,32,1621,1557,64,13.8,448,0.9333333333333333,0.8322098214285716,0.9605181986428131,0.7460625000000001
601,2025-02-20,Mañana,M1,480,16,2044,2003,41,12.0,464,0.9666666666666667,0.8810344827586207,0.9799412915851272,0.8345833333333333
602,2025-02-20,Mañana,M2,480,30,1885,1842,43,12.6,450,0.9375,0.8796666666666667,0.9771883289124669,0.805875
603,2025-02-20,Mañana,M3,480,48,1696,1655,41,13.2,432,0.9,0.8637037037037036,0.9758254716981132,0.7585416666666667
604,2025-02-20,Mañana,M4,480,56,1456,1408,48,13.8,424,0.8833333333333333,0.7898113207547169,0.967032967032967,0.6746666666666666
605,2025-02-20,Tarde,M1,480,0,2145,2065,80,12.0,480,1.0,0.89375,0.9627039627039627,0.8604166666666667
606,2025-02-20,Tarde,M2,480,5,1708,1618,90,12.6,475,0.9895833333333334,0.7551157894736842,0.9473067915690867,0.707875
607,2025-02-20,Tarde,M3,480,103,1504,1445,59,13.2,377,0.7854166666666667,0.8776657824933687,0.9607712765957447,0.6622916666666667
608,2025-02-20,Tarde,M4,480,13,1655,1606,49,13.8,467,0.9729166666666667,0.8150963597430407,0.970392749244713,0.7695416666666667
609,2025-02-20,Noche,M1,480,33,2086,1968,118,12.0,447,0.93125,0.9333333333333333,0.9434324065196549,0.8200000000000001
610,2025-02-20,Noche,M2,480,0,1795,1698,97,12.6,480,1.0,0.7853125,0.9459610027855153,0.742875
611,2025-02-20,Noche,M3,480,156,1201,1137,64,13.2,324,0.675,0.8154938271604938,0.9467110741049126,0.5211250000000001
612,2025-02-20,Noche,M4,480,0,1676,1585,91,13.8,480,1.0,0.8030833333333335,0.9457040572792362,0.7594791666666668
613,2025-02-21,Mañana,M1,480,88,1695,1621,74,12.0,392,0.8166666666666667,0.8647959183673469,0.9563421828908555,0.6754166666666667
614,2025-02-21,Mañana,M2,480,5,1910,1871,39,12.6,475,0.9895833333333334,0.844421052631579,0.9795811518324608,0.8185625000000001
615,2025-02-21,Mañana,M3,480,127,1451,1384,67,13.2,353,0.7354166666666667,0.9043059490084986,0.9538249483115093,0.6343333333333334
616,2025-02-21,Mañana,M4,480,7,1744,1671,73,13.8,473,0.9854166666666667,0.8480338266384778,0.9581422018348624,0.8006875000000001
617,2025-02-21,Tarde,M1,480,6,1885,1793,92,12.0,474,0.9875,0.7953586497890295,0.9511936339522546,0.7470833333333333
618,2025-02-21,Tarde,M2,480,189,1140,1083,57,12.6,291,0.60625,0.822680412371134,0.95,0.4738124999999999
619,2025-02-21,Tarde,M3,480,104,1478,1416,62,13.2,376,0.7833333333333333,0.8647872340425531,0.9580514208389715,0.6489999999999999
620,2025-02-21,Tarde,M4,480,72,1681,1653,28,13.8,408,0.85,0.947622549019608,0.983343248066627,0.7920625000000001
621,2025-02-21,Noche,M1,480,47,2051,2017,34,12.0,433,0.9020833333333333,0.9473441108545034,0.9834227206240859,0.8404166666666667
622,2025-02-21,Noche,M2,480,98,1524,1496,28,12.6,382,0.7958333333333333,0.8378010471204188,0.9816272965879265,0.6545
623,2025-02-21,Noche,M3,480,39,1885,1788,97,13.2,441,0.91875,0.9403628117913833,0.9485411140583554,0.8194999999999999
624,2025-02-21,Noche,M4,480,16,1836,1785,51,13.8,464,0.9666666666666667,0.9100862068965518,0.9722222222222222,0.8553125000000001
625,2025-02-22,Mañana,M1,480,189,1318,1264,54,12.0,291,0.60625,0.9058419243986254,0.9590288315629742,0.5266666666666666
626,2025-02-22,Mañana,M2,480,21,2029,1969,60,12.6,459,0.95625,0.9283006535947712,0.9704287826515525,0.8614375
627,2025-02-22,Mañana,M3,480,0,1641,1580,61,13.2,480,1.0,0.7521249999999999,0.9628275441803779,0.7241666666666666
628,2025-02-22,Mañana,M4,480,75,1525,1472,53,13.8,405,0.84375,0.8660493827160494,0.9652459016393443,0.7053333333333334
629,2025-02-22,Tarde,M1,480,0,2342,2290,52,12.0,480,1.0,0.9758333333333333,0.977796754910333,0.9541666666666666
630,2025-02-22,Tarde,M2,480,0,2062,1980,82,12.6,480,1.0,0.9021250000000001,0.9602327837051406,0.8662500000000001
631,2025-02-22,Tarde,M3,480,5,2026,1941,85,13.2,475,0.9895833333333334,0.9383578947368421,0.9580454096742349,0.889625
632,2025-02-22,Tarde,M4,480,62,1577,1536,41,13.8,418,0.8708333333333333,0.8677272727272728,0.974001268230818,0.736
633,2025-02-22,Noche,M1,480,145,1320,1299,21,12.0,335,0.6979166666666666,0.7880597014925373,0.9840909090909091,0.54125
634,2025-02-22,Noche,M2,480,0,2094,1976,118,12.6,480,1.0,0.916125,0.9436485195797517,0.8645
635,2025-02-22,Noche,M3,480,8,1794,1721,73,13.2,472,0.9833333333333333,0.8361864406779661,0.9593088071348941,0.7887916666666666
636,2025-02-22,Noche,M4,480,232,866,856,10,13.8,248,0.5166666666666667,0.8031451612903227,0.9884526558891455,0.4101666666666668
637,2025-02-23,Mañana,M1,480,0,1821,1768,53,12.0,480,1.0,0.75875,0.970895112575508,0.7366666666666667
638,2025-02-23,Mañana,M2,480,71,1465,1394,71,12.6,409,0.8520833333333333,0.752200488997555,0.9515358361774744,0.609875
639,2025-02-23,Mañana,M3,480,118,1609,1524,85,13.2,362,0.7541666666666667,0.9778453038674033,0.947172156619018,0.6985
640,2025-02-23,Mañana,M4,480,0,1904,1853,51,13.8,480,1.0,0.9123333333333333,0.9732142857142857,0.8878958333333333
641,2025-02-23,Tarde,M1,480,0,2022,1979,43,12.0,480,1.0,0.8425,0.9787339268051434,0.8245833333333333
642,2025-02-23,Tarde,M2,480,53,1661,1610,51,12.6,427,0.8895833333333333,0.8168852459016392,0.9692956050571945,0.7043749999999999
643,2025-02-23,Tarde,M3,480,25,1703,1672,31,13.2,455,0.9479166666666666,0.8234285714285714,0.9817968291250734,0.7663333333333332
644,2025-02-23,Tarde,M4,480,5,1582,1495,87,13.8,475,0.9895833333333334,0.766021052631579,0.9450063211125158,0.7163541666666668
645,2025-02-23,Noche,M1,480,0,2253,2170,83,12.0,480,1.0,0.93875,0.9631602308033733,0.9041666666666667
646,2025-02-23,Noche,M2,480,0,2216,2167,49,12.6,480,1.0,0.9694999999999999,0.9778880866425993,0.9480624999999999
647,2025-02-23,Noche,M3,480,5,1873,1783,90,13.2,475,0.9895833333333334,0.8674947368421052,0.9519487453283503,0.8172083333333333
648,2025-02-23,Noche,M4,480,34,1592,1537,55,13.8,446,0.9291666666666667,0.8209865470852019,0.9654522613065326,0.7364791666666668
649,2025-02-24,Mañana,M1,480,29,2186,2060,126,12.0,451,0.9395833333333333,0.9694013303769401,0.9423604757548033,0.8583333333333333
650,2025-02-24,Mañana,M2,480,22,2111,2075,36,12.6,458,0.9541666666666667,0.9679257641921397,0.9829464708668877,0.9078125
651,2025-02-24,Mañana,M3,480,28,1907,1856,51,13.2,452,0.9416666666666667,0.9281858407079645,0.9732564237021499,0.8506666666666666
652,2025-02-24,Mañana,M4,480,125,1483,1403,80,13.8,355,0.7395833333333334,0.9608169014084508,0.9460552933243426,0.6722708333333334
653,2025-02-24,Tarde,M1,480,29,1768,1698,70,12.0,451,0.9395833333333333,0.7840354767184036,0.9604072398190046,0.7075
654,2025-02-24,Tarde,M2,480,58,1784,1705,79,12.6,422,0.8791666666666667,0.8877725118483412,0.9557174887892377,0.7459375
655,2025-02-24,Tarde,M3,480,37,1919,1867,52,13.2,443,0.9229166666666667,0.9530022573363431,0.9729025534132361,0.8557083333333334
656,2025-02-24,Tarde,M4,480,11,1555,1493,62,13.8,469,0.9770833333333333,0.7625799573560768,0.9601286173633441,0.7153958333333333
657,2025-02-24,Noche,M1,480,7,1935,1907,28,12.0,473,0.9854166666666667,0.8181818181818182,0.9855297157622739,0.7945833333333334
658,2025-02-24,Noche,M2,480,5,1856,1752,104,12.6,475,0.9895833333333334,0.8205473684210526,0.9439655172413793,0.7665
659,2025-02-24,Noche,M3,480,0,2121,2078,43,13.2,480,1.0,0.9721249999999999,0.9797265440829798,0.9524166666666666
660,2025-02-24,Noche,M4,480,136,1383,1346,37,13.8,344,0.7166666666666667,0.9246802325581396,0.9732465654374548,0.6449583333333333
661,2025-02-25,Mañana,M1,480,248,988,954,34,12.0,232,0.48333333333333334,0.8517241379310345,0.9655870445344129,0.3975
662,2025-02-25,Mañana,M2,480,50,1935,1881,54,12.6,430,0.8958333333333334,0.945,0.9720930232558139,0.8229375
663,2025-02-25,Mañana,M3,480,97,1605,1551,54,13.2,383,0.7979166666666667,0.9219321148825065,0.9663551401869159,0.710875
664,2025-02-25,Mañana,M4,480,0,2029,1937,92,13.8,480,1.0,0.9722291666666667,0.9546574667323805,0.9281458333333333
665,2025-02-25,Tarde,M1,480,26,1935,1904,31,12.0,454,0.9458333333333333,0.8524229074889867,0.9839793281653747,0.7933333333333332
666,2025-02-25,Tarde,M2,480,0,1714,1694,20,12.6,480,1.0,0.749875,0.9883313885647608,0.7411249999999999
667,2025-02-25,Tarde,M3,480,69,1659,1582,77,13.2,411,0.85625,0.8880291970802919,0.9535864978902954,0.7250833333333333
668,2025-02-25,Tarde,M4,480,86,1520,1475,45,13.8,394,0.8208333333333333,0.8873096446700508,0.9703947368421053,0.7067708333333335
669,2025-02-25,Noche,M1,480,33,1769,1714,55,12.0,447,0.93125,0.7914988814317674,0.9689089881288864,0.7141666666666667
670,2025-02-25,Noche,M2,480,0,2085,2009,76,12.6,480,1.0,0.9121875,0.9635491606714628,0.8789375
671,2025-02-25,Noche,M3,480,5,1779,1712,67,13.2,475,0.9895833333333334,0.8239578947368421,0.9623383923552558,0.7846666666666667
672,2025-02-25,Noche,M4,480,88,1499,1439,60,13.8,392,0.8166666666666667,0.879515306122449,0.9599733155436958,0.6895208333333334
673,2025-02-26,Mañana,M1,480,0,2009,1927,82,12.0,480,1.0,0.8370833333333333,0.9591836734693877,0.8029166666666666
674,2025-02-26,Mañana,M2,480,67,1513,1465,48,12.6,413,0.8604166666666667,0.769322033898305,0.9682749504296101,0.6409374999999999
675,2025-02-26,Mañana,M3,480,161,1255,1222,33,13.2,319,0.6645833333333333,0.8655172413793103,0.9737051792828685,0.5600833333333333
676,2025-02-26,Mañana,M4,480,8,1973,1953,20,13.8,472,0.9833333333333333,0.9614194915254238,0.9898631525595539,0.9358125
677,2025-02-26,Tarde,M1,480,180,1206,1165,41,12.0,300,0.625,0.804,0.9660033167495854,0.4854166666666667
678,2025-02-26,Tarde,M2,480,81,1529,1499,30,12.6,399,0.83125,0.8047368421052631,0.9803793328973185,0.6558124999999999
679,2025-02-26,Tarde,M3,480,10,2012,1981,31,13.2,470,0.9791666666666666,0.9417872340425532,0.9845924453280318,0.9079583333333332
680,2025-02-26,Tarde,M4,480,0,1775,1683,92,13.8,480,1.0,0.8505208333333333,0.948169014084507,0.8064374999999999
681,2025-02-26,Noche,M1,480,26,2004,1927,77,12.0,454,0.9458333333333333,0.8828193832599119,0.9615768463073853,0.8029166666666666
682,2025-02-26,Noche,M2,480,20,1692,1611,81,12.6,460,0.9583333333333334,0.7724347826086957,0.9521276595744681,0.7048125000000001
683,2025-02-26,Noche,M3,480,116,1473,1419,54,13.2,364,0.7583333333333333,0.8902747252747252,0.9633401221995926,0.6503749999999998
684,2025-02-26,Noche,M4,480,20,1736,1710,26,13.8,460,0.9583333333333334,0.8680000000000001,0.9850230414746544,0.8193750000000001
685,2025-02-27,Mañana,M1,480,0,2331,2264,67,12.0,480,1.0,0.97125,0.9712569712569713,0.9433333333333334
686,2025-02-27,Mañana,M2,480,80,1680,1653,27,12.6,400,0.8333333333333334,0.882,0.9839285714285714,0.7231875
687,2025-02-27,Mañana,M3,480,50,1524,1486,38,13.2,430,0.8958333333333334,0.7797209302325581,0.9750656167979003,0.6810833333333334
688,2025-02-27,Mañana,M4,480,0,2001,1905,96,13.8,480,1.0,0.9588125000000001,0.952023988005997,0.9128125
689,2025-02-27,Tarde,M1,480,63,1791,1753,38,12.0,417,0.86875,0.8589928057553957,0.9787828029034059,0.7304166666666667
690,2025-02-27,Tarde,M2,480,28,1687,1588,99,12.6,452,0.9416666666666667,0.7837831858407079,0.941315945465323,0.69475
691,2025-02-27,Tarde,M3,480,0,1701,1667,34,13.2,480,1.0,0.7796249999999999,0.9800117577895355,0.7640416666666665
692,2025-02-27,Tarde,M4,480,38,1832,1806,26,13.8,442,0.9208333333333333,0.9533031674208146,0.9858078602620087,0.865375
693,2025-02-27,Noche,M1,480,88,1894,1811,83,12.0,392,0.8166666666666667,0.9663265306122449,0.9561774023231256,0.7545833333333334
694,2025-02-27,Noche,M2,480,93,1468,1395,73,12.6,387,0.80625,0.7965891472868216,0.9502724795640327,0.6103125
695,2025-02-27,Noche,M3,480,6,1766,1662,104,13.2,474,0.9875,0.8196624472573839,0.9411098527746319,0.7617499999999999
696,2025-02-27,Noche,M4,480,27,1624,1547,77,13.8,453,0.94375,0.8245474613686534,0.9525862068965517,0.7412708333333333
697,2025-02-28,Mañana,M1,480,23,1963,1927,36,12.0,457,0.9520833333333333,0.8590809628008753,0.9816607233825777,0.8029166666666666
698,2025-02-28,Mañana,M2,480,39,2002,1967,35,12.6,441,0.91875,0.9533333333333334,0.9825174825174825,0.8605624999999999
699,2025-02-28,Mañana,M3,480,20,1900,1819,81,13.2,460,0.9583333333333334,0.908695652173913,0.9573684210526315,0.8337083333333333
700,2025-02-28,Mañana,M4,480,0,1741,1639,102,13.8,480,1.0,0.8342291666666668,0.9414129810453762,0.7853541666666668
701,2025-02-28,Tarde,M1,480,31,1984,1886,98,12.0,449,0.9354166666666667,0.8837416481069043,0.9506048387096774,0.7858333333333333
702,2025-02-28,Tarde,M2,480,73,1838,1776,62,12.6,407,0.8479166666666667,0.9483538083538083,0.9662676822633297,0.777
703,2025-02-28,Tarde,M3,480,0,1912,1853,59,13.2,480,1.0,0.8763333333333333,0.9691422594142259,0.8492916666666667
704,2025-02-28,Tarde,M4,480,12,1551,1461,90,13.8,468,0.975,0.7622435897435899,0.941972920696325,0.7000625000000001
705,2025-02-28,Noche,M1,480,39,1808,1773,35,12.0,441,0.91875,0.8199546485260771,0.980641592920354,0.73875
706,2025-02-28,Noche,M2,480,0,1870,1779,91,12.6,480,1.0,0.818125,0.9513368983957219,0.7783125
707,2025-02-28,Noche,M3,480,18,2028,1973,55,13.2,462,0.9625,0.9657142857142856,0.972879684418146,0.9042916666666667
708,2025-02-28,Noche,M4,480,138,1132,1116,16,13.8,342,0.7125,0.7612865497076023,0.9858657243816255,0.53475
709,2025-03-01,Mañana,M1,480,5,1793,1706,87,12.0,475,0.9895833333333334,0.7549473684210526,0.9514779698828778,0.7108333333333333
710,2025-03-01,Mañana,M2,480,0,1960,1882,78,12.6,480,1.0,0.8575,0.960204081632653,0.823375
711,2025-03-01,Mañana,M3,480,5,1997,1888,109,13.2,475,0.9895833333333334,0.9249263157894736,0.9454181271907862,0.8653333333333333
712,2025-03-01,Mañana,M4,480,53,1655,1562,93,13.8,427,0.8895833333333333,0.8914519906323185,0.9438066465256798,0.7484583333333333
713,2025-03-01,Tarde,M1,480,182,1214,1185,29,12.0,298,0.6208333333333333,0.8147651006711409,0.9761120263591433,0.49375
714,2025-03-01,Tarde,M2,480,31,1854,1812,42,12.6,449,0.9354166666666667,0.8671269487750556,0.9773462783171522,0.79275
715,2025-03-01,Tarde,M3,480,152,1442,1404,38,13.2,328,0.6833333333333333,0.9671951219512194,0.9736477115117892,0.6435
716,2025-03-01,Tarde,M4,480,51,1811,1745,66,13.8,429,0.89375,0.9709324009324011,0.9635560463832137,0.8361458333333335
717,2025-03-01,Noche,M1,480,0,1942,1879,63,12.0,480,1.0,0.8091666666666667,0.9675592173017508,0.7829166666666667
718,2025-03-01,Noche,M2,480,135,1420,1363,57,12.6,345,0.71875,0.8643478260869565,0.9598591549295775,0.5963125
719,2025-03-01,Noche,M3,480,21,2039,1957,82,13.2,459,0.95625,0.9772984749455338,0.9597842079450711,0.8969583333333334
720,2025-03-01,Noche,M4,480,38,1655,1573,82,13.8,442,0.9208333333333333,0.8611990950226245,0.950453172205438,0.7537291666666666
721,2025-03-02,Mañana,M1,480,5,1903,1836,67,12.0,475,0.9895833333333334,0.8012631578947368,0.9647924330005255,0.765
722,2025-03-02,Mañana,M2,480,21,1863,1755,108,12.6,459,0.95625,0.8523529411764705,0.9420289855072463,0.7678125
723,2025-03-02,Mañana,M3,480,65,1576,1553,23,13.2,415,0.8645833333333334,0.8354698795180722,0.9854060913705583,0.7117916666666666
724,2025-03-02,Mañana,M4,480,6,2003,1888,115,13.8,474,0.9875,0.9719198312236288,0.9425861208187718,0.9046666666666667
725,2025-03-02,Tarde,M1,480,84,1686,1643,43,12.0,396,0.825,0.8515151515151516,0.9744958481613286,0.6845833333333333
726,2025-03-02,Tarde,M2,480,26,1797,1751,46,12.6,454,0.9458333333333333,0.8312114537444935,0.9744017807456873,0.7660625000000001
727,2025-03-02,Tarde,M3,480,16,2054,1992,62,13.2,464,0.9666666666666667,0.9738793103448276,0.9698149951314509,0.913
728,2025-03-02,Tarde,M4,480,47,1670,1592,78,13.8,433,0.9020833333333333,0.8870669745958429,0.9532934131736527,0.7628333333333333
729,2025-03-02,Noche,M1,480,0,2264,2238,26,12.0,480,1.0,0.9433333333333334,0.9885159010600707,0.9325000000000001
730,2025-03-02,Noche,M2,480,146,1320,1266,54,12.6,334,0.6958333333333333,0.829940119760479,0.9590909090909091,0.5538749999999999
731,2025-03-02,Noche,M3,480,12,1699,1648,51,13.2,468,0.975,0.7986752136752137,0.9699823425544438,0.7553333333333334
732,2025-03-02,Noche,M4,480,9,1995,1880,115,13.8,471,0.98125,0.9742038216560509,0.9423558897243107,0.9008333333333332
733,2025-03-03,Mañana,M1,480,17,1878,1812,66,12.0,463,0.9645833333333333,0.811231101511879,0.9648562300319489,0.755
734,2025-03-03,Mañana,M2,480,88,1541,1473,68,12.6,392,0.8166666666666667,0.8255357142857143,0.9558728098637248,0.6444374999999999
735,2025-03-03,Mañana,M3,480,61,1860,1821,39,13.2,419,0.8729166666666667,0.9766109785202864,0.9790322580645161,0.8346250000000001
736,2025-03-03,Mañana,M4,480,78,1668,1604,64,13.8,402,0.8375,0.9543283582089552,0.9616306954436451,0.7685833333333334
737,2025-03-03,Tarde,M1,480,39,1909,1860,49,12.0,441,0.91875,0.8657596371882086,0.9743321110529073,0.7749999999999999
738,2025-03-03,Tarde,M2,480,118,1636,1562,74,12.6,362,0.7541666666666667,0.9490607734806629,0.9547677261613692,0.6833749999999998
739,2025-03-03,Tarde,M3,480,0,2025,1923,102,13.2,480,1.0,0.928125,0.9496296296296296,0.8813749999999999
740,2025-03-03,Tarde,M4,480,53,1638,1569,69,13.8,427,0.8895833333333333,0.8822950819672132,0.9578754578754579,0.7518125
741,2025-03-03,Noche,M1,480,11,2052,2018,34,12.0,469,0.9770833333333333,0.8750533049040512,0.9834307992202729,0.8408333333333333
742,2025-03-03,Noche,M2,480,25,1857,1829,28,12.6,455,0.9479166666666666,0.8570769230769231,0.9849219170705439,0.8001874999999999
743,2025-03-03,Noche,M3,480,88,1678,1602,76,13.2,392,0.8166666666666667,0.9417346938775509,0.9547079856972587,0.73425
744,2025-03-03,Noche,M4,480,0,1918,1873,45,13.8,480,1.0,0.9190416666666668,0.9765380604796663,0.8974791666666667
745,2025-03-04,Mañana,M1,480,18,1880,1774,106,12.0,462,0.9625,0.8138528138528138,0.9436170212765957,0.7391666666666666
746,2025-03-04,Mañana,M2,480,0,2080,1984,96,12.6,480,1.0,0.91,0.9538461538461539,0.8680000000000001
747,2025-03-04,Mañana,M3,480,141,1478,1431,47,13.2,339,0.70625,0.959174041297935,0.9682002706359946,0.655875
748,2025-03-04,Mañana,M4,480,0,1739,1650,89,13.8,480,1.0,0.8332708333333334,0.948821161587119,0.790625
749,2025-03-04,Tarde,M1,480,37,1820,1754,66,12.0,443,0.9229166666666667,0.8216704288939052,0.9637362637362638,0.7308333333333334
750,2025-03-04,Tarde,M2,480,0,2225,2163,62,12.6,480,1.0,0.9734375,0.9721348314606741,0.9463124999999999
751,2025-03-04,Tarde,M3,480,32,1862,1819,43,13.2,448,0.9333333333333333,0.9143749999999999,0.976906552094522,0.8337083333333333
752,2025-03-04,Tarde,M4,480,5,1832,1735,97,13.8,475,0.9895833333333334,0.8870736842105263,0.9470524017467249,0.8313541666666667
753,2025-03-04,Noche,M1,480,54,1803,1710,93,12.0,426,0.8875,0.8464788732394366,0.9484193011647255,0.7125
754,2025-03-04,Noche,M2,480,5,1749,1652,97,12.6,475,0.9895833333333334,0.7732421052631578,0.9445397369925672,0.72275
755,2025-03-04,Noche,M3,480,43,1531,1458,73,13.2,437,0.9104166666666667,0.7707551487414188,0.9523187459177008,0.66825
756,2025-03-04,Noche,M4,480,9,1562,1501,61,13.8,471,0.98125,0.7627600849256901,0.9609475032010243,0.7192291666666667
757,2025-03-05,Mañana,M1,480,38,2074,2020,54,12.0,442,0.9208333333333333,0.9384615384615385,0.973963355834137,0.8416666666666667
758,2025-03-05,Mañana,M2,480,5,2078,1993,85,12.6,475,0.9895833333333334,0.9186947368421052,0.9590952839268527,0.8719374999999999
759,2025-03-05,Mañana,M3,480,137,1394,1368,26,13.2,343,0.7145833333333333,0.8941107871720116,0.9813486370157819,0.627
760,2025-03-05,Mañana,M4,480,0,1955,1879,76,13.8,480,1.0,0.9367708333333333,0.9611253196930947,0.9003541666666667
761,2025-03-05,Tarde,M1,480,284,772,737,35,12.0,196,0.4083333333333333,0.7877551020408163,0.9546632124352331,0.3070833333333333
762,2025-03-05,Tarde,M2,480,0,1838,1775,63,12.6,480,1.0,0.804125,0.9657236126224157,0.7765625
763,2025-03-05,Tarde,M3,480,64,1635,1545,90,13.2,416,0.8666666666666667,0.8646634615384615,0.944954128440367,0.708125
764,2025-03-05,Tarde,M4,480,0,1875,1835,40,13.8,480,1.0,0.8984375,0.9786666666666667,0.8792708333333333
765,2025-03-05,Noche,M1,480,0,2177,2091,86,12.0,480,1.0,0.9070833333333334,0.960496095544327,0.87125
766,2025-03-05,Noche,M2,480,97,1516,1459,57,12.6,383,0.7979166666666667,0.8312271540469973,0.962401055408971,0.6383125000000001
767,2025-03-05,Noche,M3,480,76,1448,1364,84,13.2,404,0.8416666666666667,0.7885148514851484,0.9419889502762431,0.6251666666666666
768,2025-03-05,Noche,M4,480,46,1760,1730,30,13.8,434,0.9041666666666667,0.9327188940092166,0.9829545454545454,0.8289583333333334
769,2025-03-06,Mañana,M1,480,0,2155,2113,42,12.0,480,1.0,0.8979166666666667,0.9805104408352668,0.8804166666666667
770,2025-03-06,Mañana,M2,480,0,1802,1701,101,12.6,480,1.0,0.788375,0.9439511653718091,0.7441875000000001
771,2025-03-06,Mañana,M3,480,51,1581,1563,18,13.2,429,0.89375,0.8107692307692307,0.9886148007590133,0.716375
772,2025-03-06,Mañana,M4,480,297,722,706,16,13.8,183,0.38125,0.9074316939890711,0.9778393351800554,0.33829166666666666
773,2025-03-06,Tarde,M1,480,36,1860,1783,77,12.0,444,0.925,0.8378378378378378,0.9586021505376344,0.7429166666666667
774,2025-03-06,Tarde,M2,480,64,1912,1803,109,12.6,416,0.8666666666666667,0.9651923076923077,0.9429916317991632,0.7888125
775,2025-03-06,Tarde,M3,480,0,2075,1978,97,13.2,480,1.0,0.9510416666666667,0.9532530120481928,0.9065833333333334
776,2025-03-06,Tarde,M4,480,109,1444,1378,66,13.8,371,0.7729166666666667,0.8952021563342318,0.9542936288088643,0.6602916666666667
777,2025-03-06,Noche,M1,480,21,2052,2017,35,12.0,459,0.95625,0.8941176470588236,0.982943469785575,0.8404166666666667
778,2025-03-06,Noche,M2,480,15,1964,1934,30,12.6,465,0.96875,0.8869677419354838,0.984725050916497,0.846125
779,2025-03-06,Noche,M3,480,0,2092,2043,49,13.2,480,1.0,0.9588333333333332,0.9765774378585086,0.9363749999999998
780,2025-03-06,Noche,M4,480,196,1068,1015,53,13.8,284,0.5916666666666667,0.8649295774647888,0.950374531835206,0.4863541666666667
781,2025-03-07,Mañana,M1,480,0,2339,2203,136,12.0,480,1.0,0.9745833333333334,0.9418554938007696,0.9179166666666667
782,2025-03-07,Mañana,M2,480,0,1871,1843,28,12.6,480,1.0,0.8185625,0.9850347407803314,0.8063125
783,2025-03-07,Mañana,M3,480,5,1789,1684,105,13.2,475,0.9895833333333334,0.8285894736842105,0.941307993292342,0.7718333333333333
784,2025-03-07,Mañana,M4,480,108,1234,1215,19,13.8,372,0.775,0.7629569892473118,0.9846029173419774,0.5821875
785,2025-03-07,Tarde,M1,480,79,1963,1897,66,12.0,401,0.8354166666666667,0.9790523690773068,0.9663779928680591,0.7904166666666668
786,2025-03-07,Tarde,M2,480,47,1590,1573,17,12.6,433,0.9020833333333333,0.7711316397228637,0.9893081761006289,0.6881875
787,2025-03-07,Tarde,M3,480,59,1576,1521,55,13.2,421,0.8770833333333333,0.8235629453681709,0.9651015228426396,0.6971249999999999
788,2025-03-07,Tarde,M4,480,0,2025,1919,106,13.8,480,1.0,0.9703125,0.9476543209876543,0.9195208333333333
789,2025-03-07,Noche,M1,480,22,1940,1851,89,12.0,458,0.9541666666666667,0.8471615720524017,0.9541237113402062,0.7712500000000001
790,2025-03-07,Noche,M2,480,25,1937,1838,99,12.6,455,0.9479166666666666,0.894,0.9488900361383583,0.804125
791,2025-03-07,Noche,M3,480,27,1756,1696,60,13.2,453,0.94375,0.85280353200883,0.9658314350797267,0.7773333333333333
792,2025-03-07,Noche,M4,480,0,1866,1814,52,13.8,480,1.0,0.8941250000000001,0.9721329046087889,0.8692083333333334
793,2025-03-08,Mañana,M1,480,78,1596,1544,52,12.0,402,0.8375,0.7940298507462686,0.9674185463659147,0.6433333333333333
794,2025-03-08,Mañana,M2,480,68,1529,1485,44,12.6,412,0.8583333333333333,0.7793446601941747,0.9712230215827338,0.6496875
795,2025-03-08,Mañana,M3,480,0,1948,1885,63,13.2,480,1.0,0.8928333333333333,0.9676591375770021,0.8639583333333333
796,2025-03-08,Mañana,M4,480,23,1913,1826,87,13.8,457,0.9520833333333333,0.9627789934354486,0.9545216936748563,0.8749583333333333
797,2025-03-08,Tarde,M1,480,187,1323,1291,32,12.0,293,0.6104166666666667,0.9030716723549488,0.9758125472411187,0.5379166666666667
798,2025-03-08,Tarde,M2,480,11,2007,1963,44,12.6,469,0.9770833333333333,0.8986567164179105,0.9780767314399601,0.8588125
799,2025-03-08,Tarde,M3,480,250,841,821,20,13.2,230,0.4791666666666667,0.8044347826086956,0.976218787158145,0.3762916666666667
800,2025-03-08,Tarde,M4,480,95,1627,1583,44,13.8,385,0.8020833333333334,0.971974025974026,0.9729563614013522,0.7585208333333334
801,2025-03-08,Noche,M1,480,52,1677,1647,30,12.0,428,0.8916666666666667,0.7836448598130841,0.9821109123434705,0.68625
802,2025-03-08,Noche,M2,480,40,1962,1904,58,12.6,440,0.9166666666666666,0.936409090909091,0.9704383282364933,0.833
803,2025-03-08,Noche,M3,480,206,991,942,49,13.2,274,0.5708333333333333,0.7956934306569342,0.9505549949545913,0.4317499999999999
804,2025-03-08,Noche,M4,480,199,928,913,15,13.8,281,0.5854166666666667,0.7595729537366549,0.9838362068965517,0.43747916666666675
805,2025-03-09,Mañana,M1,480,0,2112,1993,119,12.0,480,1.0,0.88,0.943655303030303,0.8304166666666666
806,2025-03-09,Mañana,M2,480,17,2000,1930,70,12.6,463,0.9645833333333333,0.9071274298056156,0.965,0.844375
807,2025-03-09,Mañana,M3,480,28,1615,1522,93,13.2,452,0.9416666666666667,0.7860619469026549,0.9424148606811146,0.6975833333333333
808,2025-03-09,Mañana,M4,480,8,1918,1821,97,13.8,472,0.9833333333333333,0.9346186440677967,0.9494264859228363,0.8725625000000001
809,2025-03-09,Tarde,M1,480,78,1903,1875,28,12.0,402,0.8375,0.9467661691542288,0.9852863899106674,0.7812500000000001
810,2025-03-09,Tarde,M2,480,0,1852,1753,99,12.6,480,1.0,0.81025,0.9465442764578834,0.7669375
811,2025-03-09,Tarde,M3,480,0,1997,1967,30,13.2,480,1.0,0.9152916666666666,0.9849774661992989,0.9015416666666666
812,2025-03-09,Tarde,M4,480,5,1852,1812,40,13.8,475,0.9895833333333334,0.8967578947368422,0.978401727861771,0.8682500000000001
813,2025-03-09,Noche,M1,480,47,1703,1627,76,12.0,433,0.9020833333333333,0.7866050808314088,0.9553728714034058,0.6779166666666667
814,2025-03-09,Noche,M2,480,33,2054,1981,73,12.6,447,0.93125,0.96496644295302,0.9644595910418695,0.8666874999999999
815,2025-03-09,Noche,M3,480,23,1962,1861,101,13.2,457,0.9520833333333333,0.944507658643326,0.9485219164118247,0.8529583333333333
816,2025-03-09,Noche,M4,480,17,1620,1540,80,13.8,463,0.9645833333333333,0.8047516198704103,0.9506172839506173,0.7379166666666667
817,2025-03-10,Mañana,M1,480,12,2265,2208,57,12.0,468,0.975,0.967948717948718,0.9748344370860927,0.92
818,2025-03-10,Mañana,M2,480,0,1956,1907,49,12.6,480,1.0,0.8557499999999999,0.9749488752556237,0.8343124999999999
819,2025-03-10,Mañana,M3,480,0,1798,1732,66,13.2,480,1.0,0.8240833333333333,0.9632925472747497,0.7938333333333333
820,2025-03-10,Mañana,M4,480,67,1502,1468,34,13.8,413,0.8604166666666667,0.8364648910411623,0.9773635153129161,0.7034166666666667
821,2025-03-10,Tarde,M1,480,5,2168,2145,23,12.0,475,0.9895833333333334,0.9128421052631579,0.9893911439114391,0.89375
822,2025-03-10,Tarde,M2,480,10,2117,2075,42,12.6,470,0.9791666666666666,0.9458936170212766,0.9801606046291923,0.9078125
823,2025-03-10,Tarde,M3,480,114,1436,1416,20,13.2,366,0.7625,0.8631693989071039,0.9860724233983287,0.649
824,2025-03-10,Tarde,M4,480,0,2018,1900,118,13.8,480,1.0,0.9669583333333334,0.9415262636273538,0.9104166666666667
825,2025-03-10,Noche,M1,480,189,1179,1128,51,12.0,291,0.60625,0.8103092783505155,0.9567430025445293,0.47
826,2025-03-10,Noche,M2,480,0,1774,1756,18,12.6,480,1.0,0.776125,0.9898534385569335,0.76825
827,2025-03-10,Noche,M3,480,53,1638,1546,92,13.2,427,0.8895833333333333,0.8439344262295081,0.9438339438339438,0.7085833333333332
828,2025-03-10,Noche,M4,480,111,1433,1351,82,13.8,369,0.76875,0.8931978319783198,0.9427773900907188,0.6473541666666668
829,2025-03-11,Mañana,M1,480,70,1878,1847,31,12.0,410,0.8541666666666666,0.9160975609756098,0.983493077742279,0.7695833333333333
830,2025-03-11,Mañana,M2,480,12,1862,1820,42,12.6,468,0.975,0.8355128205128205,0.9774436090225563,0.7962499999999999
831,2025-03-11,Mañana,M3,480,5,1689,1668,21,13.2,475,0.9895833333333334,0.7822736842105263,0.9875666074600356,0.7645000000000001
832,2025-03-11,Mañana,M4,480,10,1780,1713,67,13.8,470,0.9791666666666666,0.8710638297872341,0.9623595505617978,0.8208125000000001
833,2025-03-11,Tarde,M1,480,0,1909,1860,49,12.0,480,1.0,0.7954166666666667,0.9743321110529073,0.775
834,2025-03-11,Tarde,M2,480,157,1161,1103,58,12.6,323,0.6729166666666667,0.7548297213622291,0.9500430663221361,0.48256250000000006
835,2025-03-11,Tarde,M3,480,98,1676,1602,74,13.2,382,0.7958333333333333,0.9652356020942408,0.9558472553699284,0.73425
836,2025-03-11,Tarde,M4,480,0,1682,1595,87,13.8,480,1.0,0.8059583333333334,0.9482758620689655,0.7642708333333335
837,2025-03-11,Noche,M1,480,0,1840,1757,83,12.0,480,1.0,0.7666666666666667,0.9548913043478261,0.7320833333333334
838,2025-03-11,Noche,M2,480,70,1519,1474,45,12.6,410,0.8541666666666666,0.7780243902439024,0.9703752468729427,0.644875
839,2025-03-11,Noche,M3,480,25,1930,1843,87,13.2,455,0.9479166666666666,0.9331868131868132,0.9549222797927461,0.8447083333333333
840,2025-03-11,Noche,M4,480,0,1741,1715,26,13.8,480,1.0,0.8342291666666668,0.9850660539919587,0.8217708333333335
841,2025-03-12,Mañana,M1,480,91,1633,1570,63,12.0,389,0.8104166666666667,0.8395886889460155,0.9614206981016534,0.6541666666666667
842,2025-03-12,Mañana,M2,480,68,1862,1761,101,12.6,412,0.8583333333333333,0.9490776699029126,0.9457572502685284,0.7704374999999999
843,2025-03-12,Mañana,M3,480,26,1906,1830,76,13.2,454,0.9458333333333333,0.923612334801762,0.9601259181532005,0.8387499999999999
844,2025-03-12,Mañana,M4,480,0,1947,1858,89,13.8,480,1.0,0.9329375000000001,0.9542886492039034,0.8902916666666667
845,2025-03-12,Tarde,M1,480,0,2056,2018,38,12.0,480,1.0,0.8566666666666667,0.9815175097276264,0.8408333333333333
846,2025-03-12,Tarde,M2,480,15,1976,1891,85,12.6,465,0.96875,0.8923870967741935,0.9569838056680162,0.8273125
847,2025-03-12,Tarde,M3,480,85,1411,1329,82,13.2,395,0.8229166666666666,0.785873417721519,0.9418851878100638,0.609125
848,2025-03-12,Tarde,M4,480,132,1340,1283,57,13.8,348,0.725,0.885632183908046,0.9574626865671642,0.6147708333333334
849,2025-03-12,Noche,M1,480,5,2232,2147,85,12.0,475,0.9895833333333334,0.9397894736842105,0.9619175627240143,0.8945833333333334
850,2025-03-12,Noche,M2,480,107,1516,1491,25,12.6,373,0.7770833333333333,0.8535120643431635,0.9835092348284961,0.6523125000000001
851,2025-03-12,Noche,M3,480,58,1758,1714,44,13.2,422,0.8791666666666667,0.9164928909952607,0.9749715585893061,0.7855833333333333
852,2025-03-12,Noche,M4,480,16,1683,1622,61,13.8,464,0.9666666666666667,0.8342456896551724,0.9637551990493167,0.7772083333333334
853,2025-03-13,Mañana,M1,480,130,1603,1541,62,12.0,350,0.7291666666666666,0.916,0.9613225202744854,0.6420833333333335
854,2025-03-13,Mañana,M2,480,21,1913,1860,53,12.6,459,0.95625,0.8752287581699346,0.9722948248823837,0.81375
855,2025-03-13,Mañana,M3,480,0,1733,1634,99,13.2,480,1.0,0.7942916666666666,0.9428736295441431,0.7489166666666667
856,2025-03-13,Mañana,M4,480,5,1889,1820,69,13.8,475,0.9895833333333334,0.9146736842105263,0.9634727368978295,0.8720833333333333
857,2025-03-13,Tarde,M1,480,5,1885,1823,62,12.0,475,0.9895833333333334,0.7936842105263158,0.9671087533156498,0.7595833333333333
858,2025-03-13,Tarde,M2,480,31,2009,1947,62,12.6,449,0.9354166666666667,0.9396213808463251,0.96913887506222,0.8518124999999999
859,2025-03-13,Tarde,M3,480,0,1773,1669,104,13.2,480,1.0,0.8126249999999999,0.9413423575860124,0.7649583333333332
860,2025-03-13,Tarde,M4,480,55,1797,1731,66,13.8,425,0.8854166666666666,0.972494117647059,0.9632721202003339,0.8294375
861,2025-03-13,Noche,M1,480,25,1792,1729,63,12.0,455,0.9479166666666666,0.7876923076923077,0.96484375,0.7204166666666666
862,2025-03-13,Noche,M2,480,150,1446,1372,74,12.6,330,0.6875,0.9201818181818181,0.9488243430152143,0.60025
863,2025-03-13,Noche,M3,480,65,1594,1519,75,13.2,415,0.8645833333333334,0.8450120481927711,0.9529485570890841,0.6962083333333334
864,2025-03-13,Noche,M4,480,45,1716,1624,92,13.8,435,0.90625,0.9073103448275863,0.9463869463869464,0.7781666666666668
865,2025-03-14,Mañana,M1,480,0,2282,2253,29,12.0,480,1.0,0.9508333333333333,0.9872918492550394,0.93875
866,2025-03-14,Mañana,M2,480,75,1826,1772,54,12.6,405,0.84375,0.9468148148148148,0.9704271631982475,0.77525
867,2025-03-14,Mañana,M3,480,0,1849,1795,54,13.2,480,1.0,0.8474583333333333,0.9707950243374798,0.8227083333333334
868,2025-03-14,Mañana,M4,480,145,1334,1258,76,13.8,335,0.6979166666666666,0.9158805970149254,0.9430284857571214,0.6027916666666667
869,2025-03-14,Tarde,M1,480,43,2002,1979,23,12.0,437,0.9104166666666667,0.9162471395881007,0.9885114885114885,0.8245833333333333
870,2025-03-14,Tarde,M2,480,129,1602,1571,31,12.6,351,0.73125,0.9584615384615385,0.980649188514357,0.6873124999999999
871,2025-03-14,Tarde,M3,480,102,1394,1324,70,13.2,378,0.7875,0.8113227513227513,0.9497847919655668,0.6068333333333333
872,2025-03-14,Tarde,M4,480,0,1823,1799,24,13.8,480,1.0,0.8735208333333334,0.9868348875479978,0.8620208333333333
873,2025-03-14,Noche,M1,480,179,1261,1222,39,12.0,301,0.6270833333333333,0.837873754152824,0.9690721649484536,0.5091666666666667
874,2025-03-14,Noche,M2,480,13,1858,1838,20,12.6,467,0.9729166666666667,0.8355032119914346,0.9892357373519914,0.804125
875,2025-03-14,Noche,M3,480,0,2028,1988,40,13.2,480,1.0,0.9295,0.980276134122288,0.9111666666666667
876,2025-03-14,Noche,M4,480,0,1792,1774,18,13.8,480,1.0,0.8586666666666667,0.9899553571428571,0.8500416666666667
877,2025-03-15,Mañana,M1,480,0,2245,2136,109,12.0,480,1.0,0.9354166666666667,0.9514476614699332,0.89
878,2025-03-15,Mañana,M2,480,121,1568,1476,92,12.6,359,0.7479166666666667,0.9172144846796657,0.9413265306122449,0.6457499999999999
879,2025-03-15,Mañana,M3,480,0,1749,1713,36,13.2,480,1.0,0.8016249999999999,0.9794168096054888,0.7851249999999999
880,2025-03-15,Mañana,M4,480,294,611,580,31,13.8,186,0.3875,0.7555376344086022,0.9492635024549918,0.2779166666666667
881,2025-03-15,Tarde,M1,480,70,1655,1584,71,12.0,410,0.8541666666666666,0.8073170731707318,0.9570996978851963,0.6599999999999999
882,2025-03-15,Tarde,M2,480,117,1496,1471,25,12.6,363,0.75625,0.8654545454545454,0.9832887700534759,0.6435624999999998
883,2025-03-15,Tarde,M3,480,17,1582,1506,76,13.2,463,0.9645833333333333,0.75170626349892,0.9519595448798989,0.6902499999999999
884,2025-03-15,Tarde,M4,480,63,1436,1381,55,13.8,417,0.86875,0.7920383693045563,0.9616991643454039,0.6617291666666666
885,2025-03-15,Noche,M1,480,0,1996,1907,89,12.0,480,1.0,0.8316666666666667,0.9554108216432866,0.7945833333333334
886,2025-03-15,Noche,M2,480,16,1660,1637,23,12.6,464,0.9666666666666667,0.7512931034482758,0.986144578313253,0.7161875
887,2025-03-15,Noche,M3,480,75,1495,1453,42,13.2,405,0.84375,0.8120987654320988,0.9719063545150501,0.6659583333333334
888,2025-03-15,Noche,M4,480,97,1395,1322,73,13.8,383,0.7979166666666667,0.8377284595300261,0.9476702508960574,0.6334583333333333
889,2025-03-16,Mañana,M1,480,13,2245,2158,87,12.0,467,0.9729166666666667,0.961456102783726,0.9612472160356348,0.8991666666666667
890,2025-03-16,Mañana,M2,480,17,1925,1816,109,12.6,463,0.9645833333333333,0.8731101511879049,0.9433766233766234,0.7945
891,2025-03-16,Mañana,M3,480,63,1508,1465,43,13.2,417,0.86875,0.7955875299760191,0.9714854111405835,0.6714583333333333
892,2025-03-16,Mañana,M4,480,47,1486,1412,74,13.8,433,0.9020833333333333,0.7893302540415704,0.9502018842530283,0.6765833333333334
893,2025-03-16,Tarde,M1,480,175,1349,1330,19,12.0,305,0.6354166666666666,0.8845901639344262,0.9859154929577465,0.5541666666666666
894,2025-03-16,Tarde,M2,480,80,1804,1778,26,12.6,400,0.8333333333333334,0.9470999999999999,0.9855875831485588,0.777875
895,2025-03-16,Tarde,M3,480,41,1558,1520,38,13.2,439,0.9145833333333333,0.7807744874715261,0.975609756097561,0.6966666666666665
896,2025-03-16,Tarde,M4,480,73,1630,1602,28,13.8,407,0.8479166666666667,0.9211302211302211,0.9828220858895705,0.767625
897,2025-03-16,Noche,M1,480,0,1990,1890,100,12.0,480,1.0,0.8291666666666667,0.949748743718593,0.7875000000000001
898,2025-03-16,Noche,M2,480,88,1672,1635,37,12.6,392,0.8166666666666667,0.8957142857142858,0.9778708133971292,0.7153125
899,2025-03-16,Noche,M3,480,142,1157,1124,33,13.2,338,0.7041666666666667,0.7530769230769231,0.9714779602420052,0.5151666666666667
900,2025-03-16,Noche,M4,480,70,1426,1364,62,13.8,410,0.8541666666666666,0.799951219512195,0.9565217391304348,0.6535833333333333
901,2025-03-17,Mañana,M1,480,85,1618,1565,53,12.0,395,0.8229166666666666,0.8192405063291139,0.9672435105067985,0.6520833333333333
902,2025-03-17,Mañana,M2,480,160,1169,1109,60,12.6,320,0.6666666666666666,0.76715625,0.9486740804106074,0.4851875
903,2025-03-17,Mañana,M3,480,103,1466,1435,31,13.2,377,0.7854166666666667,0.8554907161803714,0.9788540245566166,0.6577083333333333
904,2025-03-17,Mañana,M4,480,69,1725,1693,32,13.8,411,0.85625,0.9653284671532847,0.9814492753623189,0.8112291666666667
905,2025-03-17,Tarde,M1,480,0,2114,2002,112,12.0,480,1.0,0.8808333333333334,0.9470198675496688,0.8341666666666666
906,2025-03-17,Tarde,M2,480,72,1457,1410,47,12.6,408,0.85,0.7499264705882354,0.967741935483871,0.6168750000000001
907,2025-03-17,Tarde,M3,480,57,1873,1833,40,13.2,423,0.88125,0.9741371158392435,0.9786438868126001,0.8401249999999999
908,2025-03-17,Tarde,M4,480,50,1525,1454,71,13.8,430,0.8958333333333334,0.8156976744186046,0.9534426229508197,0.6967083333333334
909,2025-03-17,Noche,M1,480,20,2110,1997,113,12.0,460,0.9583333333333334,0.9173913043478261,0.9464454976303317,0.8320833333333334
910,2025-03-17,Noche,M2,480,73,1551,1500,51,12.6,407,0.8479166666666667,0.8002702702702702,0.9671179883945842,0.65625
911,2025-03-17,Noche,M3,480,93,1512,1487,25,13.2,387,0.80625,0.8595348837209301,0.9834656084656085,0.6815416666666666
912,2025-03-17,Noche,M4,480,30,1684,1624,60,13.8,450,0.9375,0.8607111111111111,0.9643705463182898,0.7781666666666666
913,2025-03-18,Mañana,M1,480,55,1791,1690,101,12.0,425,0.8854166666666666,0.8428235294117647,0.943606923506421,0.7041666666666666
914,2025-03-18,Mañana,M2,480,0,1983,1873,110,12.6,480,1.0,0.8675625,0.9445284921835603,0.8194375
915,2025-03-18,Mañana,M3,480,19,1648,1552,96,13.2,461,0.9604166666666667,0.78646420824295,0.941747572815534,0.7113333333333334
916,2025-03-18,Mañana,M4,480,5,1980,1942,38,13.8,475,0.9895833333333334,0.9587368421052631,0.9808080808080808,0.9305416666666666
917,2025-03-18,Tarde,M1,480,5,1905,1798,107,12.0,475,0.9895833333333334,0.8021052631578948,0.9438320209973753,0.7491666666666666
918,2025-03-18,Tarde,M2,480,152,1399,1380,19,12.6,328,0.6833333333333333,0.8957012195121951,0.9864188706218727,0.6037499999999999
919,2025-03-18,Tarde,M3,480,12,1878,1770,108,13.2,468,0.975,0.8828205128205128,0.9424920127795527,0.8112499999999999
920,2025-03-18,Tarde,M4,480,12,1926,1865,61,13.8,468,0.975,0.9465384615384617,0.9683281412253375,0.8936458333333335
921,2025-03-18,Noche,M1,480,0,1905,1813,92,12.0,480,1.0,0.79375,0.9517060367454068,0.7554166666666666
922,2025-03-18,Noche,M2,480,17,1889,1782,107,12.6,463,0.9645833333333333,0.8567818574514038,0.9433562731604024,0.779625
923,2025-03-18,Noche,M3,480,5,1872,1811,61,13.2,475,0.9895833333333334,0.8670315789473684,0.9674145299145299,0.8300416666666667
924,2025-03-18,Noche,M4,480,63,1443,1426,17,13.8,417,0.86875,0.7958992805755396,0.9882189882189882,0.6832916666666667
925,2025-03-19,Mañana,M1,480,11,2191,2076,115,12.0,469,0.9770833333333333,0.9343283582089552,0.9475125513464172,0.865
926,2025-03-19,Mañana,M2,480,13,1778,1735,43,12.6,467,0.9729166666666667,0.7995289079229122,0.9758155230596175,0.7590625
927,2025-03-19,Mañana,M3,480,0,1826,1725,101,13.2,480,1.0,0.8369166666666665,0.9446878422782037,0.7906249999999998
928,2025-03-19,Mañana,M4,480,62,1654,1585,69,13.8,418,0.8708333333333333,0.9100956937799043,0.9582829504232164,0.7594791666666667
929,2025-03-19,Tarde,M1,480,5,2298,2221,77,12.0,475,0.9895833333333334,0.9675789473684211,0.9664926022628373,0.9254166666666668
930,2025-03-19,Tarde,M2,480,102,1369,1317,52,12.6,378,0.7875,0.7605555555555554,0.9620160701241782,0.5761874999999999
931,2025-03-19,Tarde,M3,480,96,1317,1255,62,13.2,384,0.8,0.7545312499999999,0.95292331055429,0.5752083333333333
932,2025-03-19,Tarde,M4,480,77,1459,1405,54,13.8,403,0.8395833333333333,0.8326799007444169,0.9629883481836875,0.6732291666666667
933,2025-03-19,Noche,M1,480,92,1543,1482,61,12.0,388,0.8083333333333333,0.795360824742268,0.9604666234607907,0.6175
934,2025-03-19,Noche,M2,480,0,1931,1859,72,12.6,480,1.0,0.8448125,0.9627136198860694,0.8133125
935,2025-03-19,Noche,M3,480,90,1453,1408,45,13.2,390,0.8125,0.8196410256410256,0.969029593943565,0.6453333333333333
936,2025-03-19,Noche,M4,480,132,1218,1192,26,13.8,348,0.725,0.805,0.9786535303776683,0.5711666666666667
937,2025-03-20,Mañana,M1,480,0,2312,2222,90,12.0,480,1.0,0.9633333333333334,0.9610726643598616,0.9258333333333334
938,2025-03-20,Mañana,M2,480,85,1742,1695,47,12.6,395,0.8229166666666666,0.926126582278481,0.9730195177956372,0.7415625
939,2025-03-20,Mañana,M3,480,12,1697,1659,38,13.2,468,0.975,0.7977350427350427,0.9776075427224514,0.760375
940,2025-03-20,Mañana,M4,480,45,1573,1499,74,13.8,435,0.90625,0.8317011494252874,0.9529561347743166,0.7182708333333334
941,2025-03-20,Tarde,M1,480,122,1584,1533,51,12.0,358,0.7458333333333333,0.8849162011173184,0.9678030303030303,0.63875
942,2025-03-20,Tarde,M2,480,15,1998,1900,98,12.6,465,0.96875,0.9023225806451612,0.950950950950951,0.8312499999999999
943,2025-03-20,Tarde,M3,480,33,1619,1564,55,13.2,447,0.93125,0.7968232662192394,0.9660284126003706,0.7168333333333334
944,2025-03-20,Tarde,M4,480,70,1723,1661,62,13.8,410,0.8541666666666666,0.9665609756097562,0.9640162507254788,0.7958958333333334
945,2025-03-20,Noche,M1,480,10,1861,1809,52,12.0,470,0.9791666666666666,0.7919148936170213,0.9720580333154218,0.75375
946,2025-03-20,Noche,M2,480,25,1902,1813,89,12.6,455,0.9479166666666666,0.8778461538461538,0.9532071503680336,0.7931874999999999
947,2025-03-20,Noche,M3,480,67,1675,1633,42,13.2,413,0.8604166666666667,0.8922518159806295,0.9749253731343284,0.7484583333333333
948,2025-03-20,Noche,M4,480,0,1608,1518,90,13.8,480,1.0,0.7705000000000001,0.9440298507462687,0.7273750000000001
949,2025-03-21,Mañana,M1,480,17,2181,2155,26,12.0,463,0.9645833333333333,0.9421166306695464,0.9880788629069235,0.8979166666666668
950,2025-03-21,Mañana,M2,480,10,2172,2084,88,12.6,470,0.9791666666666666,0.970468085106383,0.9594843462246777,0.9117500000000001
951,2025-03-21,Mañana,M3,480,12,2026,1964,62,13.2,468,0.975,0.9523931623931623,0.9693978282329714,0.9001666666666666
952,2025-03-21,Mañana,M4,480,77,1679,1652,27,13.8,403,0.8395833333333333,0.9582382133995038,0.9839189994044074,0.7915833333333334
953,2025-03-21,Tarde,M1,480,22,2215,2162,53,12.0,458,0.9541666666666667,0.9672489082969432,0.9760722347629797,0.9008333333333334
954,2025-03-21,Tarde,M2,480,50,1850,1820,30,12.6,430,0.8958333333333334,0.9034883720930232,0.9837837837837838,0.7962500000000001
955,2025-03-21,Tarde,M3,480,5,2082,1987,95,13.2,475,0.9895833333333334,0.9642947368421052,0.9543707973102786,0.9107083333333333
956,2025-03-21,Tarde,M4,480,19,1858,1830,28,13.8,461,0.9604166666666667,0.9269848156182213,0.984930032292788,0.8768750000000001
957,2025-03-21,Noche,M1,480,66,1852,1769,83,12.0,414,0.8625,0.8946859903381642,0.9551835853131749,0.7370833333333333
958,2025-03-21,Noche,M2,480,15,1794,1755,39,12.6,465,0.96875,0.8101935483870967,0.9782608695652174,0.7678124999999999
959,2025-03-21,Noche,M3,480,100,1601,1569,32,13.2,380,0.7916666666666666,0.9268947368421051,0.9800124921923797,0.7191249999999998
960,2025-03-21,Noche,M4,480,30,1814,1776,38,13.8,450,0.9375,0.9271555555555556,0.9790518191841234,0.851
961,2025-03-22,Mañana,M1,480,31,1944,1908,36,12.0,449,0.9354166666666667,0.865924276169265,0.9814814814814815,0.795
962,2025-03-22,Mañana,M2,480,67,1536,1481,55,12.6,413,0.8604166666666667,0.7810169491525423,0.9641927083333334,0.6479374999999999
963,2025-03-22,Mañana,M3,480,0,2105,2065,40,13.2,480,1.0,0.9647916666666667,0.9809976247030879,0.9464583333333334
964,2025-03-22,Mañana,M4,480,31,1669,1639,30,13.8,449,0.9354166666666667,0.8549443207126949,0.982025164769323,0.7853541666666668
965,2025-03-22,Tarde,M1,480,42,1927,1839,88,12.0,438,0.9125,0.8799086757990867,0.9543331603528801,0.7662499999999999
966,2025-03-22,Tarde,M2,480,110,1705,1652,53,12.6,370,0.7708333333333334,0.9677027027027028,0.9689149560117302,0.72275
967,2025-03-22,Tarde,M3,480,0,1858,1836,22,13.2,480,1.0,0.8515833333333332,0.9881593110871906,0.8414999999999999
968,2025-03-22,Tarde,M4,480,18,1907,1825,82,13.8,462,0.9625,0.9493722943722944,0.957000524383849,0.8744791666666667
969,2025-03-22,Noche,M1,480,60,1967,1864,103,12.0,420,0.875,0.9366666666666666,0.9476359938993391,0.7766666666666666
970,2025-03-22,Noche,M2,480,41,1914,1853,61,12.6,439,0.9145833333333333,0.9155808656036446,0.9681295715778474,0.8106875
971,2025-03-22,Noche,M3,480,5,2019,1991,28,13.2,475,0.9895833333333334,0.9351157894736842,0.9861317483902923,0.9125416666666668
972,2025-03-22,Noche,M4,480,0,1750,1691,59,13.8,480,1.0,0.8385416666666666,0.9662857142857143,0.8102708333333333
973,2025-03-23,Mañana,M1,480,61,1582,1533,49,12.0,419,0.8729166666666667,0.7551312649164678,0.9690265486725663,0.6387499999999999
974,2025-03-23,Mañana,M2,480,18,1721,1651,70,12.6,462,0.9625,0.7822727272727272,0.9593259732713538,0.7223124999999999
975,2025-03-23,Mañana,M3,480,0,1889,1819,70,13.2,480,1.0,0.8657916666666666,0.9629433562731604,0.8337083333333333
976,2025-03-23,Mañana,M4,480,20,1724,1676,48,13.8,460,0.9583333333333334,0.862,0.9721577726218097,0.8030833333333334
977,2025-03-23,Tarde,M1,480,6,2261,2234,27,12.0,474,0.9875,0.9540084388185655,0.9880583812472358,0.9308333333333334
978,2025-03-23,Tarde,M2,480,165,1466,1449,17,12.6,315,0.65625,0.9773333333333333,0.9884038199181446,0.6339374999999999
979,2025-03-23,Tarde,M3,480,28,1889,1853,36,13.2,452,0.9416666666666667,0.9194247787610619,0.9809422975119111,0.8492916666666667
980,2025-03-23,Tarde,M4,480,71,1545,1503,42,13.8,409,0.8520833333333333,0.8688264058679707,0.9728155339805825,0.7201874999999999
981,2025-03-23,Noche,M1,480,47,1889,1781,108,12.0,433,0.9020833333333333,0.8725173210161663,0.9428268925357332,0.7420833333333333
982,2025-03-23,Noche,M2,480,18,2007,1893,114,12.6,462,0.9625,0.9122727272727273,0.9431988041853513,0.8281875000000001
983,2025-03-23,Noche,M3,480,15,1667,1587,80,13.2,465,0.96875,0.7886881720430107,0.9520095980803839,0.7273749999999999
984,2025-03-23,Noche,M4,480,45,1788,1728,60,13.8,435,0.90625,0.9453793103448277,0.9664429530201343,0.8280000000000002
985,2025-03-24,Mañana,M1,480,5,2273,2174,99,12.0,475,0.9895833333333334,0.9570526315789474,0.9564452265728113,0.9058333333333334
986,2025-03-24,Mañana,M2,480,5,1737,1674,63,12.6,475,0.9895833333333334,0.7679368421052631,0.9637305699481865,0.732375
987,2025-03-24,Mañana,M3,480,54,1758,1712,46,13.2,426,0.8875,0.9078873239436619,0.9738339021615472,0.7846666666666665
988,2025-03-24,Mañana,M4,480,0,2033,1984,49,13.8,480,1.0,0.9741458333333334,0.9758976881455976,0.9506666666666667
989,2025-03-24,Tarde,M1,480,16,1826,1727,99,12.0,464,0.9666666666666667,0.7870689655172414,0.9457831325301205,0.7195833333333334
990,2025-03-24,Tarde,M2,480,52,1796,1742,54,12.6,428,0.8916666666666667,0.881214953271028,0.9699331848552338,0.7621249999999999
991,2025-03-24,Tarde,M3,480,105,1347,1294,53,13.2,375,0.78125,0.7902399999999999,0.9606533036377134,0.5930833333333333
992,2025-03-24,Tarde,M4,480,78,1505,1450,55,13.8,402,0.8375,0.8610696517412936,0.9634551495016611,0.6947916666666667
993,2025-03-24,Noche,M1,480,56,1685,1611,74,12.0,424,0.8833333333333333,0.7948113207547169,0.9560830860534124,0.6712499999999999
994,2025-03-24,Noche,M2,480,9,1734,1690,44,12.6,471,0.98125,0.7731210191082801,0.9746251441753172,0.7393749999999999
995,2025-03-24,Noche,M3,480,10,2042,2001,41,13.2,470,0.9791666666666666,0.9558297872340424,0.9799216454456415,0.9171249999999999
996,2025-03-24,Noche,M4,480,45,1451,1427,24,13.8,435,0.90625,0.7671954022988505,0.983459682977257,0.6837708333333333
997,2025-03-25,Mañana,M1,480,24,1844,1766,78,12.0,456,0.95,0.8087719298245614,0.9577006507592191,0.7358333333333333
998,2025-03-25,Mañana,M2,480,0,1996,1933,63,12.6,480,1.0,0.87325,0.968436873747495,0.8456874999999999
999,2025-03-25,Mañana,M3,480,170,1253,1216,37,13.2,310,0.6458333333333334,0.8892258064516129,0.9704708699122107,0.5573333333333332
1000,2025-03-25,Mañana,M4,480,9,1966,1911,55,13.8,471,0.98125,0.9600424628450107,0.9720244150559512,0.9156875
1001,2025-03-25,Tarde,M1,480,15,2072,2017,55,12.0,465,0.96875,0.8911827956989248,0.9734555984555985,0.8404166666666667
1002,2025-03-25,Tarde,M2,480,17,1855,1791,64,12.6,463,0.9645833333333333,0.8413606911447085,0.9654986522911051,0.7835625
1003,2025-03-25,Tarde,M3,480,14,1755,1726,29,13.2,466,0.9708333333333333,0.8285407725321888,0.9834757834757835,0.7910833333333332
1004,2025-03-25,Tarde,M4,480,22,1686,1589,97,13.8,458,0.9541666666666667,0.8466812227074237,0.9424673784104389,0.7613958333333336
1005,2025-03-25,Noche,M1,480,47,1662,1640,22,12.0,433,0.9020833333333333,0.7676674364896073,0.98676293622142,0.6833333333333333
1006,2025-03-25,Noche,M2,480,23,2049,2016,33,12.6,457,0.9520833333333333,0.9415536105032822,0.9838945827232797,0.8819999999999999
1007,2025-03-25,Noche,M3,480,0,1915,1806,109,13.2,480,1.0,0.8777083333333333,0.9430809399477806,0.82775
1008,2025-03-25,Noche,M4,480,79,1643,1545,98,13.8,401,0.8354166666666667,0.9423690773067332,0.9403530127814973,0.7403125000000002
1009,2025-03-26,Mañana,M1,480,0,1862,1787,75,12.0,480,1.0,0.7758333333333334,0.9597207303974221,0.7445833333333334
1010,2025-03-26,Mañana,M2,480,19,1929,1840,89,12.6,461,0.9604166666666667,0.8787201735357917,0.9538621047174702,0.805
1011,2025-03-26,Mañana,M3,480,15,1896,1853,43,13.2,465,0.96875,0.897032258064516,0.9773206751054853,0.8492916666666666
1012,2025-03-26,Mañana,M4,480,0,1622,1588,34,13.8,480,1.0,0.7772083333333334,0.9790382244143033,0.7609166666666667
1013,2025-03-26,Tarde,M1,480,110,1719,1681,38,12.0,370,0.7708333333333334,0.9291891891891891,0.9778941244909831,0.7004166666666666
1014,2025-03-26,Tarde,M2,480,58,1813,1785,28,12.6,422,0.8791666666666667,0.9022037914691943,0.9845559845559846,0.7809375
1015,2025-03-26,Tarde,M3,480,89,1570,1499,71,13.2,391,0.8145833333333333,0.8833759590792839,0.9547770700636943,0.6870416666666667
1016,2025-03-26,Tarde,M4,480,53,1615,1593,22,13.8,427,0.8895833333333333,0.8699063231850117,0.9863777089783282,0.7633125
1017,2025-03-26,Noche,M1,480,0,2263,2159,104,12.0,480,1.0,0.9429166666666666,0.9540433053468846,0.8995833333333333
1018,2025-03-26,Noche,M2,480,14,1670,1571,99,12.6,466,0.9708333333333333,0.7525751072961373,0.9407185628742515,0.6873125
1019,2025-03-26,Noche,M3,480,39,1920,1871,49,13.2,441,0.91875,0.9578231292517007,0.9744791666666667,0.8575416666666665
1020,2025-03-26,Noche,M4,480,12,1624,1583,41,13.8,468,0.975,0.7981196581196581,0.9747536945812808,0.7585208333333333
1021,2025-03-27,Mañana,M1,480,0,2297,2229,68,12.0,480,1.0,0.9570833333333333,0.9703961689159774,0.92875
1022,2025-03-27,Mañana,M2,480,61,1942,1881,61,12.6,419,0.8729166666666667,0.9733174224343676,0.9685890834191555,0.8229375000000001
1023,2025-03-27,Mañana,M3,480,87,1520,1437,83,13.2,393,0.81875,0.8508905852417303,0.9453947368421053,0.658625
1024,2025-03-27,Mañana,M4,480,189,1043,1001,42,13.8,291,0.60625,0.824364261168385,0.959731543624161,0.4796458333333334
1025,2025-03-27,Tarde,M1,480,0,1813,1755,58,12.0,480,1.0,0.7554166666666666,0.9680088251516823,0.73125
1026,2025-03-27,Tarde,M2,480,8,2041,1969,72,12.6,472,0.9833333333333333,0.908072033898305,0.9647231749142577,0.8614375
1027,2025-03-27,Tarde,M3,480,0,1796,1725,71,13.2,480,1.0,0.8231666666666666,0.9604677060133631,0.790625
1028,2025-03-27,Tarde,M4,480,0,1635,1613,22,13.8,480,1.0,0.7834375,0.9865443425076452,0.7728958333333333
1029,2025-03-27,Noche,M1,480,79,1800,1720,80,12.0,401,0.8354166666666667,0.8977556109725686,0.9555555555555556,0.7166666666666668
1030,2025-03-27,Noche,M2,480,135,1259,1244,15,12.6,345,0.71875,0.7663478260869565,0.9880857823669579,0.54425
1031,2025-03-27,Noche,M3,480,157,1125,1065,60,13.2,323,0.6729166666666667,0.7662538699690402,0.9466666666666667,0.488125
1032,2025-03-27,Noche,M4,480,68,1514,1447,67,13.8,412,0.8583333333333333,0.8451941747572815,0.9557463672391017,0.6933541666666666
1033,2025-03-28,Mañana,M1,480,83,1783,1734,49,12.0,397,0.8270833333333333,0.8982367758186398,0.9725182277061133,0.7225
1034,2025-03-28,Mañana,M2,480,0,1730,1665,65,12.6,480,1.0,0.756875,0.9624277456647399,0.7284375
1035,2025-03-28,Mañana,M3,480,25,1989,1927,62,13.2,455,0.9479166666666666,0.9617142857142856,0.9688285570638512,0.8832083333333333
1036,2025-03-28,Mañana,M4,480,129,1334,1286,48,13.8,351,0.73125,0.8741310541310542,0.9640179910044977,0.6162083333333334
1037,2025-03-28,Tarde,M1,480,0,1800,1710,90,12.0,480,1.0,0.75,0.95,0.7124999999999999
1038,2025-03-28,Tarde,M2,480,0,2047,1933,114,12.6,480,1.0,0.8955625,0.9443087445041524,0.8456875
1039,2025-03-28,Tarde,M3,480,0,1970,1943,27,13.2,480,1.0,0.9029166666666667,0.9862944162436548,0.8905416666666667
1040,2025-03-28,Tarde,M4,480,10,1750,1681,69,13.8,470,0.9791666666666666,0.8563829787234043,0.9605714285714285,0.8054791666666666
1041,2025-03-28,Noche,M1,480,0,2209,2154,55,12.0,480,1.0,0.9204166666666667,0.9751018560434586,0.8975
1042,2025-03-28,Noche,M2,480,5,1917,1875,42,12.6,475,0.9895833333333334,0.8475157894736842,0.9780907668231612,0.8203125
1043,2025-03-28,Noche,M3,480,55,1536,1474,62,13.2,425,0.8854166666666666,0.7951058823529411,0.9596354166666666,0.6755833333333333
1044,2025-03-28,Noche,M4,480,0,1753,1673,80,13.8,480,1.0,0.8399791666666667,0.9543639475185397,0.8016458333333334
1045,2025-03-29,Mañana,M1,480,26,2072,2026,46,12.0,454,0.9458333333333333,0.9127753303964757,0.9777992277992278,0.8441666666666666
1046,2025-03-29,Mañana,M2,480,18,2056,1944,112,12.6,462,0.9625,0.9345454545454545,0.9455252918287937,0.8504999999999999
1047,2025-03-29,Mañana,M3,480,45,1638,1546,92,13.2,435,0.90625,0.8284137931034482,0.9438339438339438,0.7085833333333332
1048,2025-03-29,Mañana,M4,480,0,1844,1775,69,13.8,480,1.0,0.8835833333333334,0.9625813449023861,0.8505208333333334
1049,2025-03-29,Tarde,M1,480,0,2036,1950,86,12.0,480,1.0,0.8483333333333334,0.9577603143418467,0.8125
1050,2025-03-29,Tarde,M2,480,10,1798,1757,41,12.6,470,0.9791666666666666,0.8033617021276596,0.9771968854282537,0.7686875
1051,2025-03-29,Tarde,M3,480,0,1698,1598,100,13.2,480,1.0,0.77825,0.9411071849234394,0.7324166666666667
1052,2025-03-29,Tarde,M4,480,57,1740,1701,39,13.8,423,0.88125,0.9460992907801419,0.9775862068965517,0.8150625
1053,2025-03-29,Noche,M1,480,0,1923,1899,24,12.0,480,1.0,0.80125,0.9875195007800313,0.79125
1054,2025-03-29,Noche,M2,480,0,1941,1900,41,12.6,480,1.0,0.8491875,0.9788768675940237,0.8312499999999999
1055,2025-03-29,Noche,M3,480,141,1356,1319,37,13.2,339,0.70625,0.88,0.9727138643067846,0.6045416666666668
1056,2025-03-29,Noche,M4,480,18,1902,1794,108,13.8,462,0.9625,0.946883116883117,0.943217665615142,0.8596250000000002
1057,2025-03-30,Mañana,M1,480,10,1985,1945,40,12.0,470,0.9791666666666666,0.8446808510638298,0.9798488664987406,0.8104166666666668
1058,2025-03-30,Mañana,M2,480,18,2000,1942,58,12.6,462,0.9625,0.9090909090909091,0.971,0.849625
1059,2025-03-30,Mañana,M3,480,42,1874,1809,65,13.2,438,0.9125,0.9412785388127853,0.9653148345784418,0.8291249999999999
1060,2025-03-30,Mañana,M4,480,0,1571,1532,39,13.8,480,1.0,0.7527708333333334,0.9751750477402928,0.7340833333333334
1061,2025-03-30,Tarde,M1,480,15,1816,1780,36,12.0,465,0.96875,0.7810752688172043,0.9801762114537445,0.7416666666666667
1062,2025-03-30,Tarde,M2,480,0,1818,1799,19,12.6,480,1.0,0.7953749999999999,0.9895489548954896,0.7870625
1063,2025-03-30,Tarde,M3,480,12,1764,1715,49,13.2,468,0.975,0.8292307692307692,0.9722222222222222,0.7860416666666666
1064,2025-03-30,Tarde,M4,480,0,1968,1946,22,13.8,480,1.0,0.9430000000000001,0.9888211382113821,0.9324583333333334
1065,2025-03-30,Noche,M1,480,45,2042,2001,41,12.0,435,0.90625,0.9388505747126437,0.9799216454456415,0.83375
1066,2025-03-30,Noche,M2,480,5,1958,1860,98,12.6,475,0.9895833333333334,0.8656421052631579,0.9499489274770173,0.81375
1067,2025-03-30,Noche,M3,480,18,1811,1770,41,13.2,462,0.9625,0.8623809523809522,0.97736057426836,0.8112499999999999
1068,2025-03-30,Noche,M4,480,290,644,612,32,13.8,190,0.3958333333333333,0.7795789473684211,0.9503105590062112,0.29325000000000007
1069,2025-03-31,Mañana,M1,480,13,2039,2014,25,12.0,467,0.9729166666666667,0.8732334047109208,0.9877390877881315,0.8391666666666667
1070,2025-03-31,Mañana,M2,480,0,1842,1761,81,12.6,480,1.0,0.805875,0.9560260586319218,0.7704375
1071,2025-03-31,Mañana,M3,480,0,1693,1642,51,13.2,480,1.0,0.7759583333333333,0.9698759598346132,0.7525833333333334
1072,2025-03-31,Mañana,M4,480,212,1105,1052,53,13.8,268,0.5583333333333333,0.9483208955223881,0.9520361990950226,0.5040833333333333
1073,2025-03-31,Tarde,M1,480,0,2253,2144,109,12.0,480,1.0,0.93875,0.9516200621393698,0.8933333333333333
1074,2025-03-31,Tarde,M2,480,5,1961,1885,76,12.6,475,0.9895833333333334,0.8669684210526315,0.9612442631310556,0.8246874999999999
1075,2025-03-31,Tarde,M3,480,20,2001,1965,36,13.2,460,0.9583333333333334,0.9569999999999999,0.9820089955022488,0.9006249999999998
1076,2025-03-31,Tarde,M4,480,39,1849,1805,44,13.8,441,0.91875,0.9643310657596372,0.9762033531638724,0.8648958333333333
1077,2025-03-31,Noche,M1,480,5,2269,2187,82,12.0,475,0.9895833333333334,0.9553684210526315,0.9638607315998237,0.91125
1078,2025-03-31,Noche,M2,480,100,1552,1491,61,12.6,380,0.7916666666666666,0.8576842105263158,0.9606958762886598,0.6523125000000001
1079,2025-03-31,Noche,M3,480,0,1774,1754,20,13.2,480,1.0,0.8130833333333333,0.9887260428410372,0.8039166666666666
1080,2025-03-31,Noche,M4,480,157,1121,1072,49,13.8,323,0.6729166666666667,0.7982352941176472,0.9562890276538805,0.5136666666666667
